DR_NO,AREA NAME,Crm Cd Desc
211507896,N Hollywood,THEFT OF IDENTITY
201516622,N Hollywood,"ASSAULT WITH DEADLY WEAPON, AGGRAVATED ASSAULT"
240913563,Van Nuys,THEFT OF IDENTITY
210704711,Wilshire,THEFT FROM MOTOR VEHICLE - GRAND ($950.01 AND OVER)
201418201,Pacific,THEFT FROM MOTOR VEHICLE - PETTY ($950 & UNDER)
240412063,Hollenbeck,THEFT OF IDENTITY
240317069,Southwest,THEFT OF IDENTITY
201115217,Northeast,CRM AGNST CHLD (13 OR UNDER) (14-15 & SUSP 10 YRS OLDER)
241708596,Devonshire,THEFT OF IDENTITY
242113813,Topanga,THEFT OF IDENTITY
240605846,Hollywood,CRM AGNST CHLD (13 OR UNDER) (14-15 & SUSP 10 YRS OLDER)
242014110,Olympic,THEFT OF IDENTITY
202113531,Topanga,VEHICLE - STOLEN
201710725,Devonshire,BURGLARY
201406733,Pacific,BURGLARY FROM VEHICLE
201405970,Pacific,THEFT PLAIN - PETTY ($950 & UNDER)
201820230,Southeast,INTIMATE PARTNER - SIMPLE ASSAULT
201707577,Devonshire,BATTERY - SIMPLE ASSAULT
201514848,N Hollywood,BURGLARY
201405023,Pacific,BURGLARY
211306997,Newton,THEFT PLAIN - PETTY ($950 & UNDER)
201405778,Pacific,THEFT PLAIN - PETTY ($950 & UNDER)
202005291,Olympic,THEFT PLAIN - PETTY ($950 & UNDER)
201715737,Devonshire,BURGLARY
201608553,Foothill,"ASSAULT WITH DEADLY WEAPON, AGGRAVATED ASSAULT"
202006163,Olympic,VANDALISM - MISDEAMEANOR ($399 OR UNDER)
202009677,Olympic,VEHICLE - ATTEMPT STOLEN
201915689,Mission,"VANDALISM - FELONY ($400 & OVER, ALL CHURCH VANDALISMS)"
201918078,Mission,ROBBERY
202013248,Olympic,INTIMATE PARTNER - SIMPLE ASSAULT
202011749,Olympic,"VANDALISM - FELONY ($400 & OVER, ALL CHURCH VANDALISMS)"
201811813,Southeast,VEHICLE - STOLEN
201809657,Southeast,INTIMATE PARTNER - SIMPLE ASSAULT
201409975,Pacific,BURGLARY FROM VEHICLE
201819653,Southeast,"VANDALISM - FELONY ($400 & OVER, ALL CHURCH VANDALISMS)"
201911106,Mission,"ASSAULT WITH DEADLY WEAPON, AGGRAVATED ASSAULT"
201819475,Southeast,"ASSAULT WITH DEADLY WEAPON, AGGRAVATED ASSAULT"
202106474,Topanga,"ASSAULT WITH DEADLY WEAPON, AGGRAVATED ASSAULT"
202115676,Topanga,BURGLARY
201416348,Pacific,VEHICLE - STOLEN
201420586,Pacific,THEFT FROM MOTOR VEHICLE - PETTY ($950 & UNDER)
201504263,N Hollywood,BURGLARY FROM VEHICLE
202013922,Olympic,THEFT PLAIN - PETTY ($950 & UNDER)
201615829,Foothill,ROBBERY
201908231,Mission,FIREARMS RESTRAINING ORDER (FIREARMS RO)
220614831,Hollywood,THEFT OF IDENTITY
201420127,Pacific,BIKE - STOLEN
201810632,Southeast,BATTERY - SIMPLE ASSAULT
202115664,Topanga,"EMBEZZLEMENT, GRAND THEFT ($950.01 & OVER)"
202013106,Olympic,THEFT PLAIN - PETTY ($950 & UNDER)
201908682,Mission,CHILD ABUSE (PHYSICAL) - SIMPLE ASSAULT
201419812,Pacific,"VANDALISM - FELONY ($400 & OVER, ALL CHURCH VANDALISMS)"
210404224,Hollenbeck,BURGLARY
202105280,Topanga,THEFT FROM MOTOR VEHICLE - PETTY ($950 & UNDER)
201904694,Mission,VEHICLE - STOLEN
210205056,Rampart,THEFT OF IDENTITY
202011797,Olympic,"VANDALISM - FELONY ($400 & OVER, ALL CHURCH VANDALISMS)"
201407385,Pacific,BURGLARY FROM VEHICLE
211104687,Northeast,VANDALISM - MISDEAMEANOR ($399 OR UNDER)
201513536,N Hollywood,VEHICLE - STOLEN
201313153,Newton,ROBBERY
201713754,Devonshire,THEFT OF IDENTITY
201513294,N Hollywood,CRIMINAL THREATS - NO WEAPON DISPLAYED
201817027,Southeast,"ASSAULT WITH DEADLY WEAPON, AGGRAVATED ASSAULT"
201610419,Foothill,THEFT FROM MOTOR VEHICLE - PETTY ($950 & UNDER)
201910095,Mission,THEFT FROM MOTOR VEHICLE - PETTY ($950 & UNDER)
201316902,Newton,VEHICLE - STOLEN
201416213,Pacific,BATTERY - SIMPLE ASSAULT
201817878,Southeast,"THEFT-GRAND ($950.01 & OVER)EXCPT,GUNS,FOWL,LIVESTK,PROD"
202104312,Topanga,THEFT PLAIN - PETTY ($950 & UNDER)
202013579,Olympic,BATTERY WITH SEXUAL CONTACT
201404274,Pacific,"LETTERS, LEWD - TELEPHONE CALLS, LEWD"
201812009,Southeast,VEHICLE - STOLEN
201817357,Southeast,CRIMINAL THREATS - NO WEAPON DISPLAYED
231808869,Southeast,THEFT OF IDENTITY
201516878,N Hollywood,ROBBERY
201412163,Pacific,BURGLARY FROM VEHICLE
202113353,Topanga,VIOLATION OF COURT ORDER
201917640,Mission,BATTERY - SIMPLE ASSAULT
201914494,Mission,"ASSAULT WITH DEADLY WEAPON, AGGRAVATED ASSAULT"
201904416,Mission,BATTERY - SIMPLE ASSAULT
201419844,Pacific,BATTERY - SIMPLE ASSAULT
202108355,Topanga,VEHICLE - STOLEN
201517126,N Hollywood,BURGLARY
201809081,Southeast,BATTERY - SIMPLE ASSAULT
201321853,Newton,VEHICLE - STOLEN
201805731,Southeast,INTIMATE PARTNER - SIMPLE ASSAULT
202018701,Olympic,INTIMATE PARTNER - SIMPLE ASSAULT
202017008,Olympic,BURGLARY
201508263,N Hollywood,BATTERY - SIMPLE ASSAULT
201311118,Newton,BURGLARY FROM VEHICLE
201816741,Southeast,ARSON
201604649,Foothill,THEFT PLAIN - PETTY ($950 & UNDER)
202112082,Topanga,VIOLATION OF RESTRAINING ORDER
201806232,Southeast,THEFT FROM MOTOR VEHICLE - PETTY ($950 & UNDER)
201711611,Devonshire,INTIMATE PARTNER - SIMPLE ASSAULT
201411760,Pacific,THEFT FROM MOTOR VEHICLE - GRAND ($950.01 AND OVER)
202116043,Topanga,THEFT FROM MOTOR VEHICLE - PETTY ($950 & UNDER)
201811570,Southeast,BATTERY - SIMPLE ASSAULT
201913374,Mission,"VANDALISM - FELONY ($400 & OVER, ALL CHURCH VANDALISMS)"
201317392,Newton,"VANDALISM - FELONY ($400 & OVER, ALL CHURCH VANDALISMS)"
201509791,N Hollywood,THEFT FROM MOTOR VEHICLE - PETTY ($950 & UNDER)
202011800,Olympic,BURGLARY FROM VEHICLE
202114356,Topanga,VEHICLE - STOLEN
201518230,N Hollywood,THEFT PLAIN - PETTY ($950 & UNDER)
202018006,Olympic,"THEFT, PERSON"
201313980,Newton,BATTERY - SIMPLE ASSAULT
230110144,Central,THEFT OF IDENTITY
201315254,Newton,INTIMATE PARTNER - SIMPLE ASSAULT
201812631,Southeast,"ASSAULT WITH DEADLY WEAPON, AGGRAVATED ASSAULT"
201420929,Pacific,BURGLARY FROM VEHICLE
201501007,N Hollywood,"ASSAULT WITH DEADLY WEAPON, AGGRAVATED ASSAULT"
201513596,N Hollywood,CONTEMPT OF COURT
201418530,Pacific,BURGLARY
201713253,Devonshire,VEHICLE - STOLEN
201908696,Mission,THEFT FROM MOTOR VEHICLE - PETTY ($950 & UNDER)
201716043,Devonshire,BURGLARY FROM VEHICLE
202116223,Topanga,BURGLARY FROM VEHICLE
201818296,Southeast,VEHICLE - STOLEN
202100938,Topanga,INTIMATE PARTNER - AGGRAVATED ASSAULT
201400766,Pacific,"VANDALISM - FELONY ($400 & OVER, ALL CHURCH VANDALISMS)"
201421233,Pacific,INTIMATE PARTNER - SIMPLE ASSAULT
201904941,Mission,INTIMATE PARTNER - SIMPLE ASSAULT
202115878,Topanga,BATTERY - SIMPLE ASSAULT
201408953,Pacific,BURGLARY FROM VEHICLE
202010333,Olympic,THEFT OF IDENTITY
202010419,Olympic,BURGLARY FROM VEHICLE
201311628,Newton,BURGLARY
201411615,Pacific,BURGLARY FROM VEHICLE
202017562,Olympic,ATTEMPTED ROBBERY
201316012,Newton,BURGLARY
201708526,Devonshire,VANDALISM - MISDEAMEANOR ($399 OR UNDER)
201821470,Southeast,ATTEMPTED ROBBERY
202007827,Olympic,LEWD/LASCIVIOUS ACTS WITH CHILD
201713116,Devonshire,BURGLARY
202005893,Olympic,"THEFT-GRAND ($950.01 & OVER)EXCPT,GUNS,FOWL,LIVESTK,PROD"
201500883,N Hollywood,OTHER MISCELLANEOUS CRIME
201711615,Devonshire,"THEFT-GRAND ($950.01 & OVER)EXCPT,GUNS,FOWL,LIVESTK,PROD"
201707807,Devonshire,BURGLARY
201311277,Newton,"ASSAULT WITH DEADLY WEAPON, AGGRAVATED ASSAULT"
201907628,Mission,THEFT FROM MOTOR VEHICLE - PETTY ($950 & UNDER)
202011768,Olympic,BATTERY - SIMPLE ASSAULT
201416833,Pacific,BRANDISH WEAPON
201908081,Mission,VIOLATION OF RESTRAINING ORDER
201815237,Southeast,VEHICLE - STOLEN
201917175,Mission,VEHICLE - STOLEN
202005694,Olympic,INTIMATE PARTNER - SIMPLE ASSAULT
201811840,Southeast,INTIMATE PARTNER - SIMPLE ASSAULT
201913906,Mission,VEHICLE - STOLEN
202117181,Topanga,OTHER MISCELLANEOUS CRIME
201418155,Pacific,TRESPASSING
201806085,Southeast,"BUNCO, ATTEMPT"
201614562,Foothill,"ASSAULT WITH DEADLY WEAPON, AGGRAVATED ASSAULT"
201505552,N Hollywood,CRIMINAL THREATS - NO WEAPON DISPLAYED
202112208,Topanga,"ASSAULT WITH DEADLY WEAPON, AGGRAVATED ASSAULT"
202007485,Olympic,INTIMATE PARTNER - SIMPLE ASSAULT
201316890,Newton,VEHICLE - STOLEN
202004688,Olympic,BURGLARY FROM VEHICLE
202011537,Olympic,THEFT FROM MOTOR VEHICLE - PETTY ($950 & UNDER)
201804032,Southeast,ROBBERY
202110119,Topanga,VANDALISM - MISDEAMEANOR ($399 OR UNDER)
201905114,Mission,THEFT OF IDENTITY
201913385,Mission,VEHICLE - STOLEN
201516001,N Hollywood,CONTEMPT OF COURT
202012309,Olympic,INTIMATE PARTNER - SIMPLE ASSAULT
201820205,Southeast,VEHICLE - STOLEN
201609346,Foothill,BURGLARY FROM VEHICLE
201708762,Devonshire,BURGLARY
220314085,Southwest,THEFT OF IDENTITY
202106147,Topanga,TRESPASSING
201418150,Pacific,BURGLARY
202108432,Topanga,ROBBERY
201319755,Newton,BURGLARY
202004558,Olympic,BURGLARY
202107369,Topanga,INTIMATE PARTNER - SIMPLE ASSAULT
201318235,Newton,VEHICLE - STOLEN
202007685,Olympic,"ASSAULT WITH DEADLY WEAPON, AGGRAVATED ASSAULT"
210804507,West LA,THEFT OF IDENTITY
202100654,Topanga,SHOPLIFTING - PETTY THEFT ($950 & UNDER)
201607607,Foothill,THEFT FROM MOTOR VEHICLE - PETTY ($950 & UNDER)
201614670,Foothill,INTIMATE PARTNER - SIMPLE ASSAULT
201417871,Pacific,BATTERY - SIMPLE ASSAULT
202009387,Olympic,"VANDALISM - FELONY ($400 & OVER, ALL CHURCH VANDALISMS)"
201410431,Pacific,"BURGLARY, ATTEMPTED"
201814035,Southeast,VEHICLE - STOLEN
202112827,Topanga,BURGLARY
201904146,Mission,THEFT FROM MOTOR VEHICLE - GRAND ($950.01 AND OVER)
201518199,N Hollywood,BURGLARY
202006515,Olympic,DOCUMENT FORGERY / STOLEN FELONY
201800674,Southeast,"ASSAULT WITH DEADLY WEAPON, AGGRAVATED ASSAULT"
202012670,Olympic,THEFT FROM MOTOR VEHICLE - GRAND ($950.01 AND OVER)
201315317,Newton,VANDALISM - MISDEAMEANOR ($399 OR UNDER)
201507370,N Hollywood,INTIMATE PARTNER - SIMPLE ASSAULT
202014852,Olympic,"ASSAULT WITH DEADLY WEAPON, AGGRAVATED ASSAULT"
201515914,N Hollywood,THEFT OF IDENTITY
202010552,Olympic,INTIMATE PARTNER - SIMPLE ASSAULT
201714677,Devonshire,BURGLARY FROM VEHICLE
201610153,Foothill,VEHICLE - STOLEN
201320683,Newton,VEHICLE - STOLEN
202006885,Olympic,SHOPLIFTING-GRAND THEFT ($950.01 & OVER)
202011350,Olympic,ROBBERY
201706174,Devonshire,BURGLARY
201506938,N Hollywood,THEFT OF IDENTITY
202015586,Olympic,THEFT PLAIN - PETTY ($950 & UNDER)
201904377,Mission,SHOPLIFTING - PETTY THEFT ($950 & UNDER)
201312903,Newton,OTHER MISCELLANEOUS CRIME
201910533,Mission,VEHICLE - STOLEN
201606558,Foothill,"THEFT-GRAND ($950.01 & OVER)EXCPT,GUNS,FOWL,LIVESTK,PROD"
202009211,Olympic,"VANDALISM - FELONY ($400 & OVER, ALL CHURCH VANDALISMS)"
201915401,Mission,ROBBERY
201407860,Pacific,ROBBERY
202105139,Topanga,BURGLARY FROM VEHICLE
201510569,N Hollywood,BURGLARY
201809588,Southeast,VEHICLE - STOLEN
201516060,N Hollywood,"ASSAULT WITH DEADLY WEAPON, AGGRAVATED ASSAULT"
201418663,Pacific,FAILURE TO YIELD
201419399,Pacific,THEFT FROM MOTOR VEHICLE - GRAND ($950.01 AND OVER)
201813949,Southeast,"ASSAULT WITH DEADLY WEAPON, AGGRAVATED ASSAULT"
201811304,Southeast,BRANDISH WEAPON
202014855,Olympic,VANDALISM - MISDEAMEANOR ($399 OR UNDER)
211420241,Pacific,CRM AGNST CHLD (13 OR UNDER) (14-15 & SUSP 10 YRS OLDER)
201915294,Mission,THEFT OF IDENTITY
202013727,Olympic,INTIMATE PARTNER - SIMPLE ASSAULT
201516773,N Hollywood,BATTERY - SIMPLE ASSAULT
201408997,Pacific,BATTERY POLICE (SIMPLE)
201606018,Foothill,INTIMATE PARTNER - AGGRAVATED ASSAULT
211405061,Pacific,"THEFT-GRAND ($950.01 & OVER)EXCPT,GUNS,FOWL,LIVESTK,PROD"
201507965,N Hollywood,INTIMATE PARTNER - SIMPLE ASSAULT
201600548,Foothill,"ASSAULT WITH DEADLY WEAPON, AGGRAVATED ASSAULT"
201518863,N Hollywood,THEFT FROM MOTOR VEHICLE - PETTY ($950 & UNDER)
201916048,Mission,OTHER MISCELLANEOUS CRIME
201418138,Pacific,THEFT FROM MOTOR VEHICLE - PETTY ($950 & UNDER)
201612851,Foothill,TRESPASSING
201505909,N Hollywood,INTIMATE PARTNER - SIMPLE ASSAULT
201813648,Southeast,INTIMATE PARTNER - SIMPLE ASSAULT
211908324,Mission,INTIMATE PARTNER - SIMPLE ASSAULT
202111368,Topanga,THEFT PLAIN - PETTY ($950 & UNDER)
202007110,Olympic,INTIMATE PARTNER - SIMPLE ASSAULT
201705382,Devonshire,BATTERY - SIMPLE ASSAULT
202100750,Topanga,BATTERY - SIMPLE ASSAULT
201506249,N Hollywood,BRANDISH WEAPON
201507932,N Hollywood,CRIMINAL THREATS - NO WEAPON DISPLAYED
201412646,Pacific,VEHICLE - STOLEN
201509267,N Hollywood,INTIMATE PARTNER - SIMPLE ASSAULT
202012129,Olympic,BURGLARY
201318104,Newton,"ASSAULT WITH DEADLY WEAPON, AGGRAVATED ASSAULT"
201415088,Pacific,VEHICLE - STOLEN
201716762,Devonshire,BRANDISH WEAPON
202013688,Olympic,INTIMATE PARTNER - SIMPLE ASSAULT
210204004,Rampart,"ASSAULT WITH DEADLY WEAPON, AGGRAVATED ASSAULT"
201416447,Pacific,"VANDALISM - FELONY ($400 & OVER, ALL CHURCH VANDALISMS)"
201419403,Pacific,BURGLARY
201317341,Newton,INTIMATE PARTNER - AGGRAVATED ASSAULT
201813535,Southeast,BURGLARY
201814916,Southeast,"ASSAULT WITH DEADLY WEAPON, AGGRAVATED ASSAULT"
202111436,Topanga,BATTERY - SIMPLE ASSAULT
201906663,Mission,THEFT PLAIN - PETTY ($950 & UNDER)
202113529,Topanga,BURGLARY
201414972,Pacific,"VEHICLE, STOLEN - OTHER (MOTORIZED SCOOTERS, BIKES, ETC)"
211104445,Northeast,BURGLARY FROM VEHICLE
202004169,Olympic,"THEFT-GRAND ($950.01 & OVER)EXCPT,GUNS,FOWL,LIVESTK,PROD"
202116948,Topanga,SHOPLIFTING - PETTY THEFT ($950 & UNDER)
201711086,Devonshire,VIOLATION OF RESTRAINING ORDER
202011821,Olympic,THEFT FROM MOTOR VEHICLE - PETTY ($950 & UNDER)
202007883,Olympic,CHILD NEGLECT (SEE 300 W.I.C.)
202114531,Topanga,THEFT FROM MOTOR VEHICLE - PETTY ($950 & UNDER)
202113718,Topanga,"ASSAULT WITH DEADLY WEAPON, AGGRAVATED ASSAULT"
201813166,Southeast,ARSON
201807723,Southeast,"ASSAULT WITH DEADLY WEAPON, AGGRAVATED ASSAULT"
201406189,Pacific,TRESPASSING
201313905,Newton,BURGLARY
201410597,Pacific,BATTERY - SIMPLE ASSAULT
201810538,Southeast,THEFT FROM MOTOR VEHICLE - GRAND ($950.01 AND OVER)
201510330,N Hollywood,BATTERY - SIMPLE ASSAULT
202013821,Olympic,"EMBEZZLEMENT, GRAND THEFT ($950.01 & OVER)"
201414975,Pacific,BIKE - STOLEN
201415240,Pacific,VEHICLE - STOLEN
201608314,Foothill,THEFT FROM MOTOR VEHICLE - GRAND ($950.01 AND OVER)
202017349,Olympic,ROBBERY
201409048,Pacific,THEFT OF IDENTITY
201913350,Mission,CRM AGNST CHLD (13 OR UNDER) (14-15 & SUSP 10 YRS OLDER)
201409999,Pacific,BURGLARY
231306523,Newton,THEFT OF IDENTITY
201508240,N Hollywood,BURGLARY
201514443,N Hollywood,THEFT FROM MOTOR VEHICLE - GRAND ($950.01 AND OVER)
201916638,Mission,VIOLATION OF RESTRAINING ORDER
201417396,Pacific,INTIMATE PARTNER - SIMPLE ASSAULT
211907205,Mission,"RAPE, ATTEMPTED"
202106402,Topanga,"BUNCO, GRAND THEFT"
201421728,Pacific,THEFT PLAIN - PETTY ($950 & UNDER)
201700767,Devonshire,BRANDISH WEAPON
212004849,Olympic,BATTERY - SIMPLE ASSAULT
202013052,Olympic,BURGLARY
201419034,Pacific,THEFT FROM MOTOR VEHICLE - GRAND ($950.01 AND OVER)
201808043,Southeast,"ASSAULT WITH DEADLY WEAPON, AGGRAVATED ASSAULT"
201420254,Pacific,"THEFT-GRAND ($950.01 & OVER)EXCPT,GUNS,FOWL,LIVESTK,PROD"
241106955,Northeast,THEFT OF IDENTITY
201816158,Southeast,"ASSAULT WITH DEADLY WEAPON, AGGRAVATED ASSAULT"
201909585,Mission,INTIMATE PARTNER - SIMPLE ASSAULT
201505727,N Hollywood,CONTEMPT OF COURT
202112484,Topanga,BATTERY - SIMPLE ASSAULT
202008210,Olympic,BATTERY - SIMPLE ASSAULT
201910494,Mission,THEFT OF IDENTITY
201916181,Mission,VEHICLE - STOLEN
201716154,Devonshire,SHOPLIFTING - PETTY THEFT ($950 & UNDER)
202115508,Topanga,THEFT FROM MOTOR VEHICLE - PETTY ($950 & UNDER)
201608889,Foothill,INTIMATE PARTNER - AGGRAVATED ASSAULT
202014147,Olympic,THEFT FROM MOTOR VEHICLE - PETTY ($950 & UNDER)
201715250,Devonshire,INTIMATE PARTNER - AGGRAVATED ASSAULT
202113350,Topanga,THEFT FROM MOTOR VEHICLE - PETTY ($950 & UNDER)
201917245,Mission,ATTEMPTED ROBBERY
201918330,Mission,CONTRIBUTING
201909132,Mission,BURGLARY
201614406,Foothill,ATTEMPTED ROBBERY
201610642,Foothill,"THEFT-GRAND ($950.01 & OVER)EXCPT,GUNS,FOWL,LIVESTK,PROD"
201911419,Mission,THEFT PLAIN - PETTY ($950 & UNDER)
201905743,Mission,BATTERY - SIMPLE ASSAULT
231309864,Newton,THEFT OF IDENTITY
210805005,West LA,THEFT OF IDENTITY
201508223,N Hollywood,BURGLARY FROM VEHICLE
210614897,Hollywood,THEFT OF IDENTITY
201915405,Mission,CRIMINAL THREATS - NO WEAPON DISPLAYED
202006603,Olympic,"VANDALISM - FELONY ($400 & OVER, ALL CHURCH VANDALISMS)"
201516973,N Hollywood,BATTERY - SIMPLE ASSAULT
202117032,Topanga,THEFT FROM MOTOR VEHICLE - PETTY ($950 & UNDER)
201516708,N Hollywood,BURGLARY
201809107,Southeast,VANDALISM - MISDEAMEANOR ($399 OR UNDER)
201511878,N Hollywood,BURGLARY
201812571,Southeast,VEHICLE - STOLEN
202114204,Topanga,THEFT FROM MOTOR VEHICLE - PETTY ($950 & UNDER)
201916584,Mission,THEFT FROM MOTOR VEHICLE - GRAND ($950.01 AND OVER)
201318640,Newton,INTIMATE PARTNER - SIMPLE ASSAULT
201805728,Southeast,"ASSAULT WITH DEADLY WEAPON, AGGRAVATED ASSAULT"
201609969,Foothill,"ASSAULT WITH DEADLY WEAPON, AGGRAVATED ASSAULT"
201611838,Foothill,INTIMATE PARTNER - SIMPLE ASSAULT
202008299,Olympic,BURGLARY
202014436,Olympic,TRESPASSING
201404888,Pacific,"VANDALISM - FELONY ($400 & OVER, ALL CHURCH VANDALISMS)"
201813909,Southeast,BURGLARY
211714848,Devonshire,BURGLARY
201907670,Mission,THEFT FROM MOTOR VEHICLE - GRAND ($950.01 AND OVER)
201916739,Mission,VEHICLE - STOLEN
201316224,Newton,INTIMATE PARTNER - SIMPLE ASSAULT
201318581,Newton,"LETTERS, LEWD - TELEPHONE CALLS, LEWD"
201416656,Pacific,VEHICLE - STOLEN
211404188,Pacific,THEFT FROM MOTOR VEHICLE - PETTY ($950 & UNDER)
201517780,N Hollywood,ARSON
201822328,Southeast,ATTEMPTED ROBBERY
201416068,Pacific,VEHICLE - STOLEN
202013931,Olympic,PIMPING
201408837,Pacific,THEFT FROM MOTOR VEHICLE - PETTY ($950 & UNDER)
201310065,Newton,"ASSAULT WITH DEADLY WEAPON, AGGRAVATED ASSAULT"
201915835,Mission,"BUNCO, GRAND THEFT"
201818126,Southeast,THEFT FROM MOTOR VEHICLE - PETTY ($950 & UNDER)
201817638,Southeast,OTHER MISCELLANEOUS CRIME
201913957,Mission,VEHICLE - STOLEN
201809594,Southeast,CRIMINAL THREATS - NO WEAPON DISPLAYED
201320524,Newton,BATTERY - SIMPLE ASSAULT
202107846,Topanga,INTIMATE PARTNER - SIMPLE ASSAULT
201517046,N Hollywood,"VANDALISM - FELONY ($400 & OVER, ALL CHURCH VANDALISMS)"
201509531,N Hollywood,BATTERY - SIMPLE ASSAULT
201909034,Mission,"THEFT-GRAND ($950.01 & OVER)EXCPT,GUNS,FOWL,LIVESTK,PROD"
201822506,Southeast,BURGLARY
202115975,Topanga,BATTERY - SIMPLE ASSAULT
202018663,Olympic,THEFT PLAIN - PETTY ($950 & UNDER)
201511591,N Hollywood,THEFT OF IDENTITY
201417322,Pacific,"THEFT-GRAND ($950.01 & OVER)EXCPT,GUNS,FOWL,LIVESTK,PROD"
201706681,Devonshire,BURGLARY FROM VEHICLE
211504769,N Hollywood,BIKE - STOLEN
202013146,Olympic,BURGLARY FROM VEHICLE
201809320,Southeast,BURGLARY
201804168,Southeast,THEFT FROM MOTOR VEHICLE - PETTY ($950 & UNDER)
201708047,Devonshire,BURGLARY FROM VEHICLE
201420301,Pacific,VIOLATION OF COURT ORDER
201909752,Mission,BURGLARY
201816541,Southeast,ROBBERY
201611517,Foothill,OTHER ASSAULT
202115000,Topanga,INTIMATE PARTNER - SIMPLE ASSAULT
201508964,N Hollywood,THEFT PLAIN - PETTY ($950 & UNDER)
201612550,Foothill,CONTEMPT OF COURT
201711968,Devonshire,VEHICLE - STOLEN
201715003,Devonshire,BATTERY - SIMPLE ASSAULT
201507380,N Hollywood,THEFT FROM MOTOR VEHICLE - GRAND ($950.01 AND OVER)
201312048,Newton,"VANDALISM - FELONY ($400 & OVER, ALL CHURCH VANDALISMS)"
201613106,Foothill,SHOPLIFTING - PETTY THEFT ($950 & UNDER)
201707325,Devonshire,BURGLARY
202017315,Olympic,THEFT PLAIN - PETTY ($950 & UNDER)
201706866,Devonshire,SHOPLIFTING - PETTY THEFT ($950 & UNDER)
201709901,Devonshire,"BURGLARY, ATTEMPTED"
201908056,Mission,BURGLARY
201314357,Newton,BATTERY - SIMPLE ASSAULT
201818374,Southeast,THEFT PLAIN - PETTY ($950 & UNDER)
201316211,Newton,VEHICLE - STOLEN
201910029,Mission,VEHICLE - STOLEN
201821786,Southeast,BATTERY - SIMPLE ASSAULT
201609397,Foothill,VEHICLE - STOLEN
201412846,Pacific,BATTERY - SIMPLE ASSAULT
201406637,Pacific,VEHICLE - STOLEN
201805565,Southeast,ROBBERY
201318660,Newton,ROBBERY
201813391,Southeast,THEFT FROM MOTOR VEHICLE - GRAND ($950.01 AND OVER)
202016731,Olympic,"ASSAULT WITH DEADLY WEAPON, AGGRAVATED ASSAULT"
201605951,Foothill,VEHICLE - STOLEN
201507072,N Hollywood,"VANDALISM - FELONY ($400 & OVER, ALL CHURCH VANDALISMS)"
201705581,Devonshire,THEFT PLAIN - PETTY ($950 & UNDER)
201715248,Devonshire,THEFT FROM MOTOR VEHICLE - PETTY ($950 & UNDER)
201519097,N Hollywood,VEHICLE - STOLEN
241306067,Newton,CRM AGNST CHLD (13 OR UNDER) (14-15 & SUSP 10 YRS OLDER)
201713450,Devonshire,"VANDALISM - FELONY ($400 & OVER, ALL CHURCH VANDALISMS)"
202013327,Olympic,BURGLARY
201314320,Newton,INTIMATE PARTNER - SIMPLE ASSAULT
201508164,N Hollywood,BRANDISH WEAPON
201407454,Pacific,VEHICLE - STOLEN
201414872,Pacific,"EMBEZZLEMENT, GRAND THEFT ($950.01 & OVER)"
202015114,Olympic,BURGLARY FROM VEHICLE
201409482,Pacific,BURGLARY FROM VEHICLE
202013074,Olympic,VEHICLE - STOLEN
201510689,N Hollywood,THEFT PLAIN - PETTY ($950 & UNDER)
201310061,Newton,ROBBERY
201418832,Pacific,BATTERY - SIMPLE ASSAULT
201806290,Southeast,THEFT FROM MOTOR VEHICLE - PETTY ($950 & UNDER)
202005948,Olympic,BURGLARY FROM VEHICLE
201822201,Southeast,VEHICLE - STOLEN
202008103,Olympic,"THEFT-GRAND ($950.01 & OVER)EXCPT,GUNS,FOWL,LIVESTK,PROD"
202107079,Topanga,BATTERY - SIMPLE ASSAULT
201608902,Foothill,"VANDALISM - FELONY ($400 & OVER, ALL CHURCH VANDALISMS)"
201900971,Mission,INTIMATE PARTNER - AGGRAVATED ASSAULT
201509256,N Hollywood,VEHICLE - STOLEN
201814321,Southeast,ROBBERY
211904005,Mission,BATTERY - SIMPLE ASSAULT
202004806,Olympic,INTIMATE PARTNER - SIMPLE ASSAULT
221804943,Southeast,THEFT OF IDENTITY
201320366,Newton,VANDALISM - MISDEAMEANOR ($399 OR UNDER)
201822745,Southeast,INTIMATE PARTNER - AGGRAVATED ASSAULT
201314547,Newton,"THEFT-GRAND ($950.01 & OVER)EXCPT,GUNS,FOWL,LIVESTK,PROD"
202018209,Olympic,"ASSAULT WITH DEADLY WEAPON, AGGRAVATED ASSAULT"
202107724,Topanga,CHILD ABUSE (PHYSICAL) - SIMPLE ASSAULT
202104190,Topanga,"ASSAULT WITH DEADLY WEAPON, AGGRAVATED ASSAULT"
210407587,Hollenbeck,THEFT OF IDENTITY
201421964,Pacific,BATTERY - SIMPLE ASSAULT
201610480,Foothill,BATTERY - SIMPLE ASSAULT
201609566,Foothill,ROBBERY
201518882,N Hollywood,ATTEMPTED ROBBERY
201706399,Devonshire,OTHER MISCELLANEOUS CRIME
202107823,Topanga,TRESPASSING
202107274,Topanga,BURGLARY
201319724,Newton,BATTERY - SIMPLE ASSAULT
201421459,Pacific,INTIMATE PARTNER - AGGRAVATED ASSAULT
201915778,Mission,VANDALISM - MISDEAMEANOR ($399 OR UNDER)
211205683,77th Street,VEHICLE - STOLEN
201505016,N Hollywood,THEFT FROM MOTOR VEHICLE - GRAND ($950.01 AND OVER)
202115417,Topanga,TRESPASSING
201910286,Mission,THEFT FROM MOTOR VEHICLE - PETTY ($950 & UNDER)
202115294,Topanga,INTIMATE PARTNER - SIMPLE ASSAULT
201709353,Devonshire,SHOPLIFTING-GRAND THEFT ($950.01 & OVER)
221908151,Mission,SODOMY/SEXUAL CONTACT B/W PENIS OF ONE PERS TO ANUS OTH
202116576,Topanga,DOCUMENT FORGERY / STOLEN FELONY
201413862,Pacific,BATTERY - SIMPLE ASSAULT
201715107,Devonshire,VEHICLE - STOLEN
202016001,Olympic,THEFT OF IDENTITY
201314468,Newton,"ASSAULT WITH DEADLY WEAPON, AGGRAVATED ASSAULT"
201816466,Southeast,BATTERY - SIMPLE ASSAULT
202106752,Topanga,INTIMATE PARTNER - AGGRAVATED ASSAULT
202115559,Topanga,VEHICLE - STOLEN
201909009,Mission,VIOLATION OF RESTRAINING ORDER
201417565,Pacific,BURGLARY
201913954,Mission,INTIMATE PARTNER - AGGRAVATED ASSAULT
201607333,Foothill,THEFT FROM MOTOR VEHICLE - PETTY ($950 & UNDER)
201907647,Mission,VEHICLE - STOLEN
201516039,N Hollywood,VEHICLE - ATTEMPT STOLEN
202110203,Topanga,VEHICLE - STOLEN
201407549,Pacific,BURGLARY FROM VEHICLE
201310690,Newton,"VANDALISM - FELONY ($400 & OVER, ALL CHURCH VANDALISMS)"
202115640,Topanga,THEFT PLAIN - PETTY ($950 & UNDER)
201414604,Pacific,THEFT FROM MOTOR VEHICLE - PETTY ($950 & UNDER)
201513990,N Hollywood,"VANDALISM - FELONY ($400 & OVER, ALL CHURCH VANDALISMS)"
210805864,West LA,DOCUMENT FORGERY / STOLEN FELONY
201815002,Southeast,VANDALISM - MISDEAMEANOR ($399 OR UNDER)
202004414,Olympic,ROBBERY
201904093,Mission,"RAPE, FORCIBLE"
201822193,Southeast,SEX OFFENDER REGISTRANT OUT OF COMPLIANCE
201614410,Foothill,BURGLARY FROM VEHICLE
202005845,Olympic,INTIMATE PARTNER - SIMPLE ASSAULT
201808873,Southeast,THEFT PLAIN - PETTY ($950 & UNDER)
201814674,Southeast,BATTERY - SIMPLE ASSAULT
210906998,Van Nuys,VEHICLE - STOLEN
202010277,Olympic,THEFT FROM MOTOR VEHICLE - PETTY ($950 & UNDER)
202010197,Olympic,BURGLARY FROM VEHICLE
201417728,Pacific,VEHICLE - STOLEN
201408469,Pacific,THEFT PLAIN - PETTY ($950 & UNDER)
201812021,Southeast,VIOLATION OF RESTRAINING ORDER
202016919,Olympic,THEFT FROM MOTOR VEHICLE - GRAND ($950.01 AND OVER)
201705802,Devonshire,SHOPLIFTING - PETTY THEFT ($950 & UNDER)
201417336,Pacific,THEFT PLAIN - PETTY ($950 & UNDER)
230204214,Rampart,CRM AGNST CHLD (13 OR UNDER) (14-15 & SUSP 10 YRS OLDER)
202112500,Topanga,THEFT OF IDENTITY
202013190,Olympic,BATTERY - SIMPLE ASSAULT
202013627,Olympic,THEFT PLAIN - PETTY ($950 & UNDER)
201605651,Foothill,ARSON
201516370,N Hollywood,BATTERY - SIMPLE ASSAULT
201911591,Mission,BATTERY - SIMPLE ASSAULT
201506896,N Hollywood,INTIMATE PARTNER - SIMPLE ASSAULT
201813428,Southeast,VANDALISM - MISDEAMEANOR ($399 OR UNDER)
201506781,N Hollywood,SHOPLIFTING-GRAND THEFT ($950.01 & OVER)
201812273,Southeast,"THEFT-GRAND ($950.01 & OVER)EXCPT,GUNS,FOWL,LIVESTK,PROD"
201709463,Devonshire,BURGLARY
201312855,Newton,"BURGLARY, ATTEMPTED"
201609877,Foothill,BURGLARY FROM VEHICLE
201312131,Newton,VEHICLE - STOLEN
210804004,West LA,"THEFT-GRAND ($950.01 & OVER)EXCPT,GUNS,FOWL,LIVESTK,PROD"
201805241,Southeast,CONTEMPT OF COURT
201811246,Southeast,"ASSAULT WITH DEADLY WEAPON, AGGRAVATED ASSAULT"
201607929,Foothill,BURGLARY FROM VEHICLE
201615398,Foothill,SHOPLIFTING - PETTY THEFT ($950 & UNDER)
201321313,Newton,VEHICLE - STOLEN
201810504,Southeast,BRANDISH WEAPON
201320662,Newton,ROBBERY
201515140,N Hollywood,ROBBERY
201504294,N Hollywood,BATTERY - SIMPLE ASSAULT
201420580,Pacific,"EMBEZZLEMENT, GRAND THEFT ($950.01 & OVER)"
202110284,Topanga,VEHICLE - STOLEN
201507479,N Hollywood,OTHER MISCELLANEOUS CRIME
201412227,Pacific,THEFT PLAIN - PETTY ($950 & UNDER)
201612890,Foothill,SHOPLIFTING - PETTY THEFT ($950 & UNDER)
210708216,Wilshire,"RAPE, FORCIBLE"
201408832,Pacific,"THEFT-GRAND ($950.01 & OVER)EXCPT,GUNS,FOWL,LIVESTK,PROD"
201912127,Mission,SEX OFFENDER REGISTRANT OUT OF COMPLIANCE
201318896,Newton,THEFT OF IDENTITY
201415669,Pacific,BURGLARY FROM VEHICLE
201805457,Southeast,VANDALISM - MISDEAMEANOR ($399 OR UNDER)
201419732,Pacific,BURGLARY
201818021,Southeast,INTIMATE PARTNER - SIMPLE ASSAULT
201912537,Mission,INTIMATE PARTNER - AGGRAVATED ASSAULT
201410528,Pacific,TRESPASSING
201906494,Mission,THEFT FROM MOTOR VEHICLE - PETTY ($950 & UNDER)
202111699,Topanga,THEFT OF IDENTITY
202008777,Olympic,BURGLARY
201512987,N Hollywood,VEHICLE - STOLEN
202015510,Olympic,THEFT PLAIN - PETTY ($950 & UNDER)
201312631,Newton,INTIMATE PARTNER - SIMPLE ASSAULT
201511803,N Hollywood,THEFT PLAIN - PETTY ($950 & UNDER)
201707774,Devonshire,THEFT FROM MOTOR VEHICLE - GRAND ($950.01 AND OVER)
201814732,Southeast,THEFT FROM MOTOR VEHICLE - PETTY ($950 & UNDER)
201500923,N Hollywood,SHOPLIFTING - PETTY THEFT ($950 & UNDER)
201515088,N Hollywood,THEFT FROM MOTOR VEHICLE - PETTY ($950 & UNDER)
201606012,Foothill,BURGLARY FROM VEHICLE
201900586,Mission,TRESPASSING
201707727,Devonshire,THEFT OF IDENTITY
201513935,N Hollywood,"VANDALISM - FELONY ($400 & OVER, ALL CHURCH VANDALISMS)"
201907305,Mission,THEFT OF IDENTITY
201904881,Mission,THEFT FROM MOTOR VEHICLE - PETTY ($950 & UNDER)
202005753,Olympic,INTIMATE PARTNER - SIMPLE ASSAULT
201509491,N Hollywood,TRESPASSING
201613399,Foothill,INTIMATE PARTNER - SIMPLE ASSAULT
201314912,Newton,THEFT FROM MOTOR VEHICLE - PETTY ($950 & UNDER)
201409400,Pacific,THEFT FROM MOTOR VEHICLE - GRAND ($950.01 AND OVER)
202108275,Topanga,VANDALISM - MISDEAMEANOR ($399 OR UNDER)
201511356,N Hollywood,"ASSAULT WITH DEADLY WEAPON, AGGRAVATED ASSAULT"
201811450,Southeast,"VANDALISM - FELONY ($400 & OVER, ALL CHURCH VANDALISMS)"
201916416,Mission,"VANDALISM - FELONY ($400 & OVER, ALL CHURCH VANDALISMS)"
210705082,Wilshire,THEFT FROM MOTOR VEHICLE - GRAND ($950.01 AND OVER)
201810544,Southeast,VIOLATION OF RESTRAINING ORDER
202014344,Olympic,THEFT FROM MOTOR VEHICLE - PETTY ($950 & UNDER)
210118909,Central,BIKE - STOLEN
201420530,Pacific,"EMBEZZLEMENT, GRAND THEFT ($950.01 & OVER)"
202110525,Topanga,THEFT FROM MOTOR VEHICLE - GRAND ($950.01 AND OVER)
201812414,Southeast,INTIMATE PARTNER - SIMPLE ASSAULT
201606565,Foothill,"VANDALISM - FELONY ($400 & OVER, ALL CHURCH VANDALISMS)"
202107964,Topanga,THEFT OF IDENTITY
201818724,Southeast,BATTERY - SIMPLE ASSAULT
201405494,Pacific,BURGLARY
211504106,N Hollywood,BURGLARY FROM VEHICLE
210104305,Central,"EMBEZZLEMENT, GRAND THEFT ($950.01 & OVER)"
201904136,Mission,"VANDALISM - FELONY ($400 & OVER, ALL CHURCH VANDALISMS)"
201609908,Foothill,DISCHARGE FIREARMS/SHOTS FIRED
202116532,Topanga,INTIMATE PARTNER - SIMPLE ASSAULT
210804296,West LA,EXTORTION
201516181,N Hollywood,BRANDISH WEAPON
201318080,Newton,VEHICLE - STOLEN
201410297,Pacific,VEHICLE - STOLEN
202008653,Olympic,VEHICLE - STOLEN
201708504,Devonshire,"THEFT-GRAND ($950.01 & OVER)EXCPT,GUNS,FOWL,LIVESTK,PROD"
211015836,West Valley,"LETTERS, LEWD - TELEPHONE CALLS, LEWD"
211404170,Pacific,VIOLATION OF RESTRAINING ORDER
211014804,West Valley,THEFT OF IDENTITY
201914244,Mission,VEHICLE - STOLEN
201910983,Mission,BURGLARY FROM VEHICLE
202007268,Olympic,THEFT FROM MOTOR VEHICLE - PETTY ($950 & UNDER)
201411580,Pacific,"EMBEZZLEMENT, GRAND THEFT ($950.01 & OVER)"
210605125,Hollywood,THEFT OF IDENTITY
202100644,Topanga,BURGLARY
201716029,Devonshire,INTIMATE PARTNER - SIMPLE ASSAULT
201613434,Foothill,VEHICLE - STOLEN
201412774,Pacific,VEHICLE - STOLEN
201715916,Devonshire,VEHICLE - STOLEN
201807248,Southeast,THEFT FROM MOTOR VEHICLE - GRAND ($950.01 AND OVER)
202116191,Topanga,INTIMATE PARTNER - AGGRAVATED ASSAULT
211005647,West Valley,INTIMATE PARTNER - AGGRAVATED ASSAULT
201615019,Foothill,CRIMINAL THREATS - NO WEAPON DISPLAYED
201409972,Pacific,BURGLARY FROM VEHICLE
201715565,Devonshire,THEFT PLAIN - PETTY ($950 & UNDER)
201316265,Newton,BURGLARY FROM VEHICLE
201510749,N Hollywood,ROBBERY
201517134,N Hollywood,OTHER MISCELLANEOUS CRIME
202005824,Olympic,BATTERY - SIMPLE ASSAULT
201804035,Southeast,VANDALISM - MISDEAMEANOR ($399 OR UNDER)
201316820,Newton,CRIMINAL THREATS - NO WEAPON DISPLAYED
201607262,Foothill,THEFT PLAIN - PETTY ($950 & UNDER)
201600625,Foothill,THEFT FROM MOTOR VEHICLE - PETTY ($950 & UNDER)
201319674,Newton,VANDALISM - MISDEAMEANOR ($399 OR UNDER)
221008844,West Valley,VEHICLE - STOLEN
201614109,Foothill,BURGLARY
210204054,Rampart,VEHICLE - STOLEN
201321708,Newton,"SHOTS FIRED AT MOVING VEHICLE, TRAIN OR AIRCRAFT"
201510196,N Hollywood,THEFT FROM MOTOR VEHICLE - GRAND ($950.01 AND OVER)
201909906,Mission,INTIMATE PARTNER - SIMPLE ASSAULT
201709020,Devonshire,BURGLARY
201604833,Foothill,"LETTERS, LEWD - TELEPHONE CALLS, LEWD"
201316163,Newton,ATTEMPTED ROBBERY
201708115,Devonshire,THEFT FROM MOTOR VEHICLE - GRAND ($950.01 AND OVER)
201605680,Foothill,ASSAULT WITH DEADLY WEAPON ON POLICE OFFICER
201513562,N Hollywood,BURGLARY FROM VEHICLE
201312575,Newton,ARSON
201822582,Southeast,INTIMATE PARTNER - SIMPLE ASSAULT
201704417,Devonshire,SHOPLIFTING - PETTY THEFT ($950 & UNDER)
201321629,Newton,VEHICLE - STOLEN
211406959,Pacific,"VANDALISM - FELONY ($400 & OVER, ALL CHURCH VANDALISMS)"
211808618,Southeast,"BUNCO, PETTY THEFT"
202107601,Topanga,VEHICLE - STOLEN
201716510,Devonshire,THEFT FROM MOTOR VEHICLE - PETTY ($950 & UNDER)
201607334,Foothill,THEFT FROM MOTOR VEHICLE - PETTY ($950 & UNDER)
201509575,N Hollywood,BATTERY - SIMPLE ASSAULT
201415770,Pacific,TRESPASSING
201310438,Newton,BURGLARY FROM VEHICLE
201314131,Newton,VEHICLE - STOLEN
201419056,Pacific,THEFT OF IDENTITY
201411482,Pacific,"THEFT-GRAND ($950.01 & OVER)EXCPT,GUNS,FOWL,LIVESTK,PROD"
201909292,Mission,THEFT FROM MOTOR VEHICLE - PETTY ($950 & UNDER)
201913252,Mission,SHOPLIFTING - PETTY THEFT ($950 & UNDER)
202008343,Olympic,"THEFT-GRAND ($950.01 & OVER)EXCPT,GUNS,FOWL,LIVESTK,PROD"
202113089,Topanga,VEHICLE - STOLEN
202009037,Olympic,BATTERY - SIMPLE ASSAULT
201817888,Southeast,VEHICLE - STOLEN
201420478,Pacific,THEFT PLAIN - PETTY ($950 & UNDER)
201515693,N Hollywood,THEFT FROM MOTOR VEHICLE - PETTY ($950 & UNDER)
201511176,N Hollywood,VEHICLE - STOLEN
201406301,Pacific,BURGLARY FROM VEHICLE
201312804,Newton,"VANDALISM - FELONY ($400 & OVER, ALL CHURCH VANDALISMS)"
202106678,Topanga,BATTERY WITH SEXUAL CONTACT
202011097,Olympic,BATTERY - SIMPLE ASSAULT
202100629,Topanga,ROBBERY
201611103,Foothill,OTHER MISCELLANEOUS CRIME
201821960,Southeast,VEHICLE - STOLEN
201807620,Southeast,VEHICLE - STOLEN
201812366,Southeast,VEHICLE - STOLEN
210807650,West LA,"RAPE, FORCIBLE"
201515099,N Hollywood,BIKE - STOLEN
211005965,West Valley,"THEFT-GRAND ($950.01 & OVER)EXCPT,GUNS,FOWL,LIVESTK,PROD"
202116680,Topanga,BURGLARY FROM VEHICLE
201821710,Southeast,"ASSAULT WITH DEADLY WEAPON, AGGRAVATED ASSAULT"
202116561,Topanga,THEFT PLAIN - PETTY ($950 & UNDER)
201404257,Pacific,SHOPLIFTING - PETTY THEFT ($950 & UNDER)
202116553,Topanga,BURGLARY FROM VEHICLE
202117111,Topanga,"LETTERS, LEWD - TELEPHONE CALLS, LEWD"
230312288,Southwest,THEFT OF IDENTITY
202013989,Olympic,INTIMATE PARTNER - AGGRAVATED ASSAULT
201810492,Southeast,"ASSAULT WITH DEADLY WEAPON, AGGRAVATED ASSAULT"
202013574,Olympic,VANDALISM - MISDEAMEANOR ($399 OR UNDER)
202000619,Olympic,BURGLARY
201808250,Southeast,VEHICLE - STOLEN
201315570,Newton,THEFT FROM MOTOR VEHICLE - PETTY ($950 & UNDER)
202012948,Olympic,BRANDISH WEAPON
201509525,N Hollywood,VEHICLE - STOLEN
201609797,Foothill,BURGLARY
201410671,Pacific,VANDALISM - MISDEAMEANOR ($399 OR UNDER)
201911577,Mission,VEHICLE - STOLEN
202113830,Topanga,VANDALISM - MISDEAMEANOR ($399 OR UNDER)
202007151,Olympic,THEFT PLAIN - PETTY ($950 & UNDER)
231805781,Southeast,THEFT OF IDENTITY
202011201,Olympic,VEHICLE - STOLEN
201813546,Southeast,INTIMATE PARTNER - SIMPLE ASSAULT
201716222,Devonshire,THEFT PLAIN - PETTY ($950 & UNDER)
201822432,Southeast,"ASSAULT WITH DEADLY WEAPON, AGGRAVATED ASSAULT"
201412938,Pacific,THEFT FROM MOTOR VEHICLE - PETTY ($950 & UNDER)
201514257,N Hollywood,VEHICLE - STOLEN
201607268,Foothill,BURGLARY
211704220,Devonshire,THEFT PLAIN - PETTY ($950 & UNDER)
201517963,N Hollywood,"VANDALISM - FELONY ($400 & OVER, ALL CHURCH VANDALISMS)"
201607367,Foothill,VEHICLE - STOLEN
201409688,Pacific,BURGLARY FROM VEHICLE
201713959,Devonshire,BATTERY - SIMPLE ASSAULT
231322474,Newton,THEFT OF IDENTITY
201817112,Southeast,"ASSAULT WITH DEADLY WEAPON, AGGRAVATED ASSAULT"
210505050,Harbor,BURGLARY FROM VEHICLE
201819155,Southeast,THEFT FROM MOTOR VEHICLE - PETTY ($950 & UNDER)
202009025,Olympic,ROBBERY
201320641,Newton,BATTERY - SIMPLE ASSAULT
201406266,Pacific,BATTERY - SIMPLE ASSAULT
202010011,Olympic,BURGLARY FROM VEHICLE
212104146,Topanga,THEFT PLAIN - PETTY ($950 & UNDER)
201513750,N Hollywood,"VANDALISM - FELONY ($400 & OVER, ALL CHURCH VANDALISMS)"
201706840,Devonshire,THEFT FROM MOTOR VEHICLE - PETTY ($950 & UNDER)
201613278,Foothill,"ASSAULT WITH DEADLY WEAPON, AGGRAVATED ASSAULT"
202106439,Topanga,THEFT OF IDENTITY
202018362,Olympic,ROBBERY
202016135,Olympic,OTHER MISCELLANEOUS CRIME
201710668,Devonshire,THEFT PLAIN - PETTY ($950 & UNDER)
201807929,Southeast,CHILD ABUSE (PHYSICAL) - SIMPLE ASSAULT
202112636,Topanga,VEHICLE - STOLEN
201404740,Pacific,"THEFT, PERSON"
210904736,Van Nuys,THEFT PLAIN - PETTY ($950 & UNDER)
201912876,Mission,ROBBERY
201610897,Foothill,BURGLARY
201817496,Southeast,"RAPE, FORCIBLE"
201713644,Devonshire,ROBBERY
202113138,Topanga,SHOPLIFTING - PETTY THEFT ($950 & UNDER)
201609625,Foothill,INTIMATE PARTNER - SIMPLE ASSAULT
202006765,Olympic,VEHICLE - STOLEN
201914080,Mission,"ASSAULT WITH DEADLY WEAPON, AGGRAVATED ASSAULT"
211905668,Mission,INTIMATE PARTNER - SIMPLE ASSAULT
201318462,Newton,THEFT FROM MOTOR VEHICLE - PETTY ($950 & UNDER)
201312817,Newton,"ASSAULT WITH DEADLY WEAPON, AGGRAVATED ASSAULT"
201421435,Pacific,INTIMATE PARTNER - SIMPLE ASSAULT
201810022,Southeast,CRIMINAL THREATS - NO WEAPON DISPLAYED
201600580,Foothill,ROBBERY
201613550,Foothill,CRM AGNST CHLD (13 OR UNDER) (14-15 & SUSP 10 YRS OLDER)
201700832,Devonshire,SHOPLIFTING - PETTY THEFT ($950 & UNDER)
201806953,Southeast,VEHICLE - STOLEN
201422195,Pacific,BURGLARY
201707692,Devonshire,"THEFT-GRAND ($950.01 & OVER)EXCPT,GUNS,FOWL,LIVESTK,PROD"
201711692,Devonshire,THEFT OF IDENTITY
201708792,Devonshire,THEFT OF IDENTITY
201610933,Foothill,BURGLARY
201708477,Devonshire,BURGLARY FROM VEHICLE
201506130,N Hollywood,THEFT PLAIN - PETTY ($950 & UNDER)
201416729,Pacific,BURGLARY FROM VEHICLE
201917282,Mission,THEFT OF IDENTITY
201515403,N Hollywood,BURGLARY
202005558,Olympic,INTIMATE PARTNER - SIMPLE ASSAULT
201414762,Pacific,THEFT FROM MOTOR VEHICLE - PETTY ($950 & UNDER)
201808912,Southeast,ROBBERY
202014491,Olympic,THEFT PLAIN - PETTY ($950 & UNDER)
201414820,Pacific,VEHICLE - STOLEN
201706181,Devonshire,SHOPLIFTING-GRAND THEFT ($950.01 & OVER)
201612382,Foothill,ATTEMPTED ROBBERY
201821414,Southeast,INTIMATE PARTNER - SIMPLE ASSAULT
201406851,Pacific,BATTERY - SIMPLE ASSAULT
202114882,Topanga,BATTERY - SIMPLE ASSAULT
201411172,Pacific,INTIMATE PARTNER - SIMPLE ASSAULT
201800801,Southeast,INTIMATE PARTNER - AGGRAVATED ASSAULT
201314843,Newton,VEHICLE - STOLEN
201904697,Mission,VEHICLE - STOLEN
202112776,Topanga,"ASSAULT WITH DEADLY WEAPON, AGGRAVATED ASSAULT"
201904473,Mission,VEHICLE - STOLEN
202108217,Topanga,THEFT OF IDENTITY
201406554,Pacific,THEFT FROM MOTOR VEHICLE - PETTY ($950 & UNDER)
201705570,Devonshire,"THEFT-GRAND ($950.01 & OVER)EXCPT,GUNS,FOWL,LIVESTK,PROD"
202114248,Topanga,THEFT OF IDENTITY
201715234,Devonshire,INTIMATE PARTNER - SIMPLE ASSAULT
201716047,Devonshire,BATTERY - SIMPLE ASSAULT
202107287,Topanga,ROBBERY
201417096,Pacific,ROBBERY
202106717,Topanga,VIOLATION OF RESTRAINING ORDER
201413082,Pacific,ATTEMPTED ROBBERY
201419018,Pacific,BATTERY - SIMPLE ASSAULT
202112918,Topanga,INTIMATE PARTNER - SIMPLE ASSAULT
201917461,Mission,RESISTING ARREST
202015257,Olympic,INTIMATE PARTNER - SIMPLE ASSAULT
201904560,Mission,BATTERY - SIMPLE ASSAULT
201318335,Newton,BATTERY - SIMPLE ASSAULT
202113704,Topanga,SHOPLIFTING-GRAND THEFT ($950.01 & OVER)
201805787,Southeast,VANDALISM - MISDEAMEANOR ($399 OR UNDER)
202011324,Olympic,VEHICLE - STOLEN
201320969,Newton,BATTERY - SIMPLE ASSAULT
210807308,West LA,"THEFT-GRAND ($950.01 & OVER)EXCPT,GUNS,FOWL,LIVESTK,PROD"
202105052,Topanga,THEFT OF IDENTITY
201813621,Southeast,"THEFT, PERSON"
201906644,Mission,SHOPLIFTING - PETTY THEFT ($950 & UNDER)
201412735,Pacific,OTHER MISCELLANEOUS CRIME
201408982,Pacific,TRESPASSING
201819898,Southeast,INTIMATE PARTNER - AGGRAVATED ASSAULT
201413107,Pacific,THEFT PLAIN - PETTY ($950 & UNDER)
201421501,Pacific,VIOLATION OF COURT ORDER
202017295,Olympic,BURGLARY FROM VEHICLE
201911521,Mission,THEFT OF IDENTITY
202111962,Topanga,SHOPLIFTING - PETTY THEFT ($950 & UNDER)
201815548,Southeast,VIOLATION OF TEMPORARY RESTRAINING ORDER
201517633,N Hollywood,THEFT PLAIN - PETTY ($950 & UNDER)
201915950,Mission,CHILD ANNOYING (17YRS & UNDER)
201805710,Southeast,VEHICLE - STOLEN
201912391,Mission,BURGLARY FROM VEHICLE
201815647,Southeast,INTIMATE PARTNER - SIMPLE ASSAULT
201609767,Foothill,SHOPLIFTING - PETTY THEFT ($950 & UNDER)
202105779,Topanga,SHOPLIFTING - PETTY THEFT ($950 & UNDER)
201410383,Pacific,BATTERY - SIMPLE ASSAULT
202106137,Topanga,THEFT PLAIN - PETTY ($950 & UNDER)
201615647,Foothill,BATTERY - SIMPLE ASSAULT
201609785,Foothill,"VANDALISM - FELONY ($400 & OVER, ALL CHURCH VANDALISMS)"
202018941,Olympic,VEHICLE - STOLEN
201709960,Devonshire,INTIMATE PARTNER - SIMPLE ASSAULT
201607355,Foothill,CRIMINAL THREATS - NO WEAPON DISPLAYED
202009467,Olympic,INTIMATE PARTNER - SIMPLE ASSAULT
201511138,N Hollywood,VEHICLE - STOLEN
201821134,Southeast,VEHICLE - STOLEN
201406550,Pacific,CRIMINAL THREATS - NO WEAPON DISPLAYED
210705560,Wilshire,"ASSAULT WITH DEADLY WEAPON, AGGRAVATED ASSAULT"
201916808,Mission,THEFT OF IDENTITY
201312291,Newton,ROBBERY
201318288,Newton,BATTERY - SIMPLE ASSAULT
201421084,Pacific,BURGLARY
202100963,Topanga,BURGLARY
201509078,N Hollywood,SHOTS FIRED AT INHABITED DWELLING
201315212,Newton,ARSON
211504113,N Hollywood,THEFT FROM MOTOR VEHICLE - PETTY ($950 & UNDER)
202115563,Topanga,"ASSAULT WITH DEADLY WEAPON, AGGRAVATED ASSAULT"
201709380,Devonshire,CRIMINAL THREATS - NO WEAPON DISPLAYED
201908277,Mission,CHILD ANNOYING (17YRS & UNDER)
201910569,Mission,VIOLATION OF COURT ORDER
201906391,Mission,VEHICLE - STOLEN
202015012,Olympic,VEHICLE - STOLEN
201421064,Pacific,"ASSAULT WITH DEADLY WEAPON, AGGRAVATED ASSAULT"
210613848,Hollywood,"THEFT-GRAND ($950.01 & OVER)EXCPT,GUNS,FOWL,LIVESTK,PROD"
201700622,Devonshire,SHOPLIFTING - PETTY THEFT ($950 & UNDER)
202113190,Topanga,"VANDALISM - FELONY ($400 & OVER, ALL CHURCH VANDALISMS)"
202109037,Topanga,"VANDALISM - FELONY ($400 & OVER, ALL CHURCH VANDALISMS)"
201420592,Pacific,BURGLARY
201908725,Mission,BURGLARY FROM VEHICLE
201811018,Southeast,BURGLARY FROM VEHICLE
201716355,Devonshire,TRESPASSING
201512971,N Hollywood,RESISTING ARREST
201810382,Southeast,"VANDALISM - FELONY ($400 & OVER, ALL CHURCH VANDALISMS)"
201313512,Newton,BURGLARY
201316923,Newton,VANDALISM - MISDEAMEANOR ($399 OR UNDER)
201812550,Southeast,ATTEMPTED ROBBERY
202017147,Olympic,INTIMATE PARTNER - AGGRAVATED ASSAULT
202010052,Olympic,CRIMINAL THREATS - NO WEAPON DISPLAYED
201510788,N Hollywood,THEFT OF IDENTITY
201511211,N Hollywood,THEFT FROM MOTOR VEHICLE - GRAND ($950.01 AND OVER)
201513405,N Hollywood,BURGLARY
201812027,Southeast,THEFT FROM MOTOR VEHICLE - PETTY ($950 & UNDER)
201310149,Newton,ROBBERY
202005396,Olympic,"BURGLARY FROM VEHICLE, ATTEMPTED"
202005015,Olympic,BATTERY - SIMPLE ASSAULT
201606166,Foothill,VEHICLE - STOLEN
201506534,N Hollywood,BURGLARY FROM VEHICLE
201917531,Mission,BURGLARY FROM VEHICLE
201312050,Newton,THEFT OF IDENTITY
201711448,Devonshire,"THEFT-GRAND ($950.01 & OVER)EXCPT,GUNS,FOWL,LIVESTK,PROD"
201313878,Newton,CRIMINAL THREATS - NO WEAPON DISPLAYED
202013679,Olympic,VIOLATION OF COURT ORDER
202112411,Topanga,THROWING OBJECT AT MOVING VEHICLE
201808513,Southeast,THEFT FROM MOTOR VEHICLE - PETTY ($950 & UNDER)
201318426,Newton,"ASSAULT WITH DEADLY WEAPON, AGGRAVATED ASSAULT"
201516029,N Hollywood,BURGLARY FROM VEHICLE
201611096,Foothill,THEFT PLAIN - PETTY ($950 & UNDER)
201513965,N Hollywood,VANDALISM - MISDEAMEANOR ($399 OR UNDER)
211610869,Foothill,THEFT OF IDENTITY
202005263,Olympic,VEHICLE - STOLEN
202112510,Topanga,BURGLARY
201908158,Mission,BURGLARY FROM VEHICLE
220705246,Wilshire,"THEFT-GRAND ($950.01 & OVER)EXCPT,GUNS,FOWL,LIVESTK,PROD"
201808344,Southeast,ROBBERY
201515826,N Hollywood,INTIMATE PARTNER - AGGRAVATED ASSAULT
202107091,Topanga,BURGLARY FROM VEHICLE
201413300,Pacific,CRIMINAL THREATS - NO WEAPON DISPLAYED
201815488,Southeast,BATTERY - SIMPLE ASSAULT
201608722,Foothill,ROBBERY
201514424,N Hollywood,BATTERY - SIMPLE ASSAULT
201819555,Southeast,"ASSAULT WITH DEADLY WEAPON, AGGRAVATED ASSAULT"
202107411,Topanga,BURGLARY FROM VEHICLE
201319758,Newton,THEFT PLAIN - PETTY ($950 & UNDER)
201316609,Newton,VANDALISM - MISDEAMEANOR ($399 OR UNDER)
201607024,Foothill,BURGLARY
201310056,Newton,CRIMINAL THREATS - NO WEAPON DISPLAYED
211104297,Northeast,VANDALISM - MISDEAMEANOR ($399 OR UNDER)
201509533,N Hollywood,"VANDALISM - FELONY ($400 & OVER, ALL CHURCH VANDALISMS)"
201312835,Newton,VEHICLE - STOLEN
230808643,West LA,"THEFT-GRAND ($950.01 & OVER)EXCPT,GUNS,FOWL,LIVESTK,PROD"
201515624,N Hollywood,THEFT FROM MOTOR VEHICLE - PETTY ($950 & UNDER)
201404273,Pacific,TRESPASSING
202015079,Olympic,CRM AGNST CHLD (13 OR UNDER) (14-15 & SUSP 10 YRS OLDER)
201707649,Devonshire,DISCHARGE FIREARMS/SHOTS FIRED
201518060,N Hollywood,THEFT FROM MOTOR VEHICLE - PETTY ($950 & UNDER)
201905141,Mission,CONTEMPT OF COURT
202116559,Topanga,"BUNCO, GRAND THEFT"
201421596,Pacific,INTIMATE PARTNER - SIMPLE ASSAULT
212104251,Topanga,"THEFT-GRAND ($950.01 & OVER)EXCPT,GUNS,FOWL,LIVESTK,PROD"
202114284,Topanga,"VANDALISM - FELONY ($400 & OVER, ALL CHURCH VANDALISMS)"
201605225,Foothill,BURGLARY FROM VEHICLE
201313169,Newton,THEFT FROM MOTOR VEHICLE - GRAND ($950.01 AND OVER)
201907942,Mission,INTIMATE PARTNER - SIMPLE ASSAULT
202109524,Topanga,BURGLARY
201708776,Devonshire,"THEFT-GRAND ($950.01 & OVER)EXCPT,GUNS,FOWL,LIVESTK,PROD"
201508644,N Hollywood,"VANDALISM - FELONY ($400 & OVER, ALL CHURCH VANDALISMS)"
201514271,N Hollywood,CONTEMPT OF COURT
201421846,Pacific,BURGLARY
201405933,Pacific,VIOLATION OF COURT ORDER
201811005,Southeast,BRANDISH WEAPON
201316957,Newton,DISCHARGE FIREARMS/SHOTS FIRED
201513163,N Hollywood,BURGLARY
201715905,Devonshire,BATTERY - SIMPLE ASSAULT
202117332,Topanga,THEFT PLAIN - PETTY ($950 & UNDER)
201319785,Newton,INTIMATE PARTNER - AGGRAVATED ASSAULT
201606631,Foothill,THEFT PLAIN - PETTY ($950 & UNDER)
201409777,Pacific,THEFT PLAIN - PETTY ($950 & UNDER)
201419770,Pacific,BATTERY - SIMPLE ASSAULT
211704913,Devonshire,THEFT OF IDENTITY
210508506,Harbor,"SEX,UNLAWFUL(INC MUTUAL CONSENT, PENETRATION W/ FRGN OBJ"
211006486,West Valley,THEFT PLAIN - PETTY ($950 & UNDER)
201606120,Foothill,BATTERY - SIMPLE ASSAULT
201915398,Mission,"BUNCO, PETTY THEFT"
211804055,Southeast,"THEFT-GRAND ($950.01 & OVER)EXCPT,GUNS,FOWL,LIVESTK,PROD"
201708369,Devonshire,"ASSAULT WITH DEADLY WEAPON, AGGRAVATED ASSAULT"
202108297,Topanga,BATTERY - SIMPLE ASSAULT
201604694,Foothill,"ASSAULT WITH DEADLY WEAPON, AGGRAVATED ASSAULT"
202016347,Olympic,"VANDALISM - FELONY ($400 & OVER, ALL CHURCH VANDALISMS)"
201320886,Newton,VEHICLE - STOLEN
202010165,Olympic,VEHICLE - STOLEN
201904547,Mission,THEFT PLAIN - PETTY ($950 & UNDER)
201808306,Southeast,BURGLARY FROM VEHICLE
201311656,Newton,INTIMATE PARTNER - SIMPLE ASSAULT
201705982,Devonshire,THEFT FROM MOTOR VEHICLE - GRAND ($950.01 AND OVER)
201911934,Mission,BURGLARY
201604198,Foothill,"THEFT, PERSON"
201519170,N Hollywood,"VANDALISM - FELONY ($400 & OVER, ALL CHURCH VANDALISMS)"
201806778,Southeast,THEFT FROM MOTOR VEHICLE - GRAND ($950.01 AND OVER)
202008756,Olympic,VEHICLE - STOLEN
201815775,Southeast,THEFT OF IDENTITY
201415208,Pacific,"VANDALISM - FELONY ($400 & OVER, ALL CHURCH VANDALISMS)"
202017702,Olympic,"ASSAULT WITH DEADLY WEAPON, AGGRAVATED ASSAULT"
201505134,N Hollywood,"BUNCO, PETTY THEFT"
202009658,Olympic,VANDALISM - MISDEAMEANOR ($399 OR UNDER)
202008221,Olympic,VANDALISM - MISDEAMEANOR ($399 OR UNDER)
201812143,Southeast,CRIMINAL THREATS - NO WEAPON DISPLAYED
201512468,N Hollywood,THEFT FROM MOTOR VEHICLE - PETTY ($950 & UNDER)
210809694,West LA,THEFT OF IDENTITY
201600575,Foothill,"ASSAULT WITH DEADLY WEAPON, AGGRAVATED ASSAULT"
201605502,Foothill,BURGLARY FROM VEHICLE
212110822,Topanga,THEFT OF IDENTITY
201315539,Newton,BURGLARY FROM VEHICLE
201420810,Pacific,BIKE - STOLEN
201711458,Devonshire,THEFT OF IDENTITY
231907172,Mission,CRM AGNST CHLD (13 OR UNDER) (14-15 & SUSP 10 YRS OLDER)
202116909,Topanga,CRIMINAL THREATS - NO WEAPON DISPLAYED
201506335,N Hollywood,THEFT FROM MOTOR VEHICLE - GRAND ($950.01 AND OVER)
201511789,N Hollywood,VEHICLE - STOLEN
201705980,Devonshire,"VANDALISM - FELONY ($400 & OVER, ALL CHURCH VANDALISMS)"
202007781,Olympic,BURGLARY
201818966,Southeast,THEFT PLAIN - PETTY ($950 & UNDER)
201409893,Pacific,THEFT OF IDENTITY
201900596,Mission,THEFT PLAIN - PETTY ($950 & UNDER)
201707698,Devonshire,VANDALISM - MISDEAMEANOR ($399 OR UNDER)
211220006,77th Street,THEFT PLAIN - PETTY ($950 & UNDER)
201817341,Southeast,BRANDISH WEAPON
201604484,Foothill,BURGLARY FROM VEHICLE
201610349,Foothill,BURGLARY
202018728,Olympic,"BURGLARY FROM VEHICLE, ATTEMPTED"
202106218,Topanga,THEFT PLAIN - PETTY ($950 & UNDER)
201809184,Southeast,BATTERY - SIMPLE ASSAULT
201420829,Pacific,THEFT FROM MOTOR VEHICLE - PETTY ($950 & UNDER)
201711672,Devonshire,VIOLATION OF COURT ORDER
201711310,Devonshire,"BUNCO, GRAND THEFT"
201705529,Devonshire,THEFT OF IDENTITY
201408103,Pacific,BURGLARY FROM VEHICLE
201411289,Pacific,BURGLARY
202110343,Topanga,THEFT FROM MOTOR VEHICLE - GRAND ($950.01 AND OVER)
211008707,West Valley,THEFT OF IDENTITY
202107302,Topanga,VEHICLE - STOLEN
201713085,Devonshire,BURGLARY
211704367,Devonshire,THEFT FROM MOTOR VEHICLE - PETTY ($950 & UNDER)
201710942,Devonshire,BURGLARY FROM VEHICLE
201808755,Southeast,CRIMINAL THREATS - NO WEAPON DISPLAYED
210604868,Hollywood,BURGLARY FROM VEHICLE
201415143,Pacific,"VANDALISM - FELONY ($400 & OVER, ALL CHURCH VANDALISMS)"
202110215,Topanga,INTIMATE PARTNER - SIMPLE ASSAULT
201513160,N Hollywood,"ASSAULT WITH DEADLY WEAPON, AGGRAVATED ASSAULT"
201316496,Newton,ARSON
202009082,Olympic,VEHICLE - STOLEN
201711883,Devonshire,THEFT PLAIN - PETTY ($950 & UNDER)
201312787,Newton,VEHICLE - STOLEN
201908896,Mission,BURGLARY FROM VEHICLE
202013879,Olympic,CRIMINAL THREATS - NO WEAPON DISPLAYED
202116131,Topanga,INTIMATE PARTNER - AGGRAVATED ASSAULT
201408674,Pacific,THEFT OF IDENTITY
211704812,Devonshire,BURGLARY FROM VEHICLE
201810284,Southeast,VEHICLE - STOLEN
201710691,Devonshire,VEHICLE - STOLEN
201905930,Mission,"BUNCO, GRAND THEFT"
201410038,Pacific,THEFT FROM MOTOR VEHICLE - GRAND ($950.01 AND OVER)
201809223,Southeast,"VANDALISM - FELONY ($400 & OVER, ALL CHURCH VANDALISMS)"
201917292,Mission,THEFT OF IDENTITY
201406776,Pacific,BURGLARY
201605577,Foothill,BURGLARY FROM VEHICLE
202010192,Olympic,ORAL COPULATION
201915189,Mission,BURGLARY FROM VEHICLE
201513598,N Hollywood,"VANDALISM - FELONY ($400 & OVER, ALL CHURCH VANDALISMS)"
201907764,Mission,VEHICLE - STOLEN
201310607,Newton,VEHICLE - STOLEN
201604467,Foothill,BURGLARY FROM VEHICLE