OBJECTID,crime_description,district
12001,Miscellaneous/Missing Person (18 & over),Northeast
12002,Miscellaneous/All Other Non-Offenses,North
12003,Miscellaneous/Mental Commitment,Southwest
12004,Miscellaneous/All Other Non-Offenses,Southeast
12005,Miscellaneous/All Other Non-Offenses,Southeast
12006,Miscellaneous/All Other Non-Offenses,Southeast
12007,Miscellaneous/Overdose Death,Southwest
12008,Miscellaneous/All Other Non-Offenses,Southwest
12009,Miscellaneous/All Other Non-Offenses,Southeast
12010,Family Offenses/Nonviolent (eg: neglect),Southeast
12012,Miscellaneous/All Other Non-Offenses,Southeast
12013,Miscellaneous/All Other Non-Offenses,Southeast
12014,Miscellaneous/Found Property,Southwest
12016,Miscellaneous/All Other Non-Offenses,Southwest
12017,Miscellaneous/All Other Non-Offenses,Northwest
12018,Family Offenses/Nonviolent (eg: neglect),Downtown
12019,Miscellaneous/Lost Property,North
12021,Miscellaneous/All Other Non-Offenses,Southeast
12022,Miscellaneous/Lost Property,North
12023,Miscellaneous/Deceased Person,Northeast
12024,Miscellaneous/Found Property,North
12025,Miscellaneous/All Other Non-Offenses,North
12026,Miscellaneous/All Other Non-Offenses,Southeast
12027,Miscellaneous/All Other Non-Offenses,Southeast
12029,Miscellaneous/Lost Property,Northwest
12030,Miscellaneous/All Other Non-Offenses,North
12031,Miscellaneous/All Other Non-Offenses,Southeast
12032,Miscellaneous/All Other Non-Offenses,Downtown
12033,Miscellaneous/Lost Property,North
12035,Miscellaneous/All Other Non-Offenses,Northwest
12036,Miscellaneous/Found Property,Downtown
12037,Family Offenses/Nonviolent (eg: neglect),Southeast
12038,Miscellaneous/All Other Non-Offenses,Southwest
12040,Miscellaneous/Found Property,Southwest
12041,Miscellaneous/All Other Non-Offenses,North
12042,Miscellaneous/All Other Non-Offenses,Downtown
12043,Miscellaneous/All Other Non-Offenses,North
12044,Miscellaneous/All Other Non-Offenses,Southeast
12045,Miscellaneous/All Other Non-Offenses,Northeast
12046,Miscellaneous/All Other Non-Offenses,North
12047,Miscellaneous/All Other Non-Offenses,North
12048,Miscellaneous/Missing Person (18 & over),Southwest
12051,Miscellaneous/All Other Non-Offenses,Northwest
12052,Miscellaneous/All Other Non-Offenses,Southeast
12053,Miscellaneous/Found Property,North
12054,Miscellaneous/Lost Property,Downtown
12055,Miscellaneous/All Other Non-Offenses,Southwest
12057,Miscellaneous/Mental Commitment,North
12058,Miscellaneous/Found Property,Southeast
12059,Miscellaneous/Found Property,Downtown
12060,Miscellaneous/Deceased Person,Southwest
12061,Miscellaneous/Mental Commitment,Southeast
12062,Miscellaneous/Mental Commitment,Southeast
12063,Sex Offense/Forcible Rape,Downtown
12065,Miscellaneous/Injured Person,Southeast
12066,Miscellaneous/All Other Non-Offenses,Northeast
12067,Miscellaneous/All Other Non-Offenses,Downtown
12068,Miscellaneous/All Other Non-Offenses,Northwest
12069,Miscellaneous/Deceased Person,Northwest
12071,Miscellaneous/All Other Non-Offenses,North
12072,Miscellaneous/All Other Non-Offenses,North
12073,Miscellaneous/All Other Non-Offenses,Southeast
12074,Miscellaneous/All Other Non-Offenses,Southwest
12076,Miscellaneous/All Other Non-Offenses,Downtown
12078,Miscellaneous/All Other Non-Offenses,Northwest
12079,Miscellaneous/All Other Non-Offenses,Downtown
12080,Sex Offense/Forcible Sodomy,North
12081,Miscellaneous/All Other Non-Offenses,Southwest
12083,Sex Offense/Forcible Rape,Northwest
12084,Miscellaneous/All Other Non-Offenses,Northwest
12085,Miscellaneous/All Other Non-Offenses,North
12086,Miscellaneous/Injured Person,Southeast
12087,Miscellaneous/All Other Non-Offenses,North
12088,Miscellaneous/All Other Non-Offenses,Downtown
12089,Miscellaneous/All Other Non-Offenses,North
12090,Miscellaneous/All Other Non-Offenses,Northwest
12091,Miscellaneous/All Other Non-Offenses,Southeast
12092,Miscellaneous/All Other Non-Offenses,Northwest
12093,Miscellaneous/Found Property,Southeast
12094,Miscellaneous/All Other Non-Offenses,North
12095,Miscellaneous/Lost Property,North
12096,Miscellaneous/All Other Non-Offenses,Northeast
12097,Miscellaneous/All Other Non-Offenses,Southwest
12098,Miscellaneous/Found Property,Southwest
12099,Miscellaneous/Mental Commitment,Northwest
12101,Miscellaneous/All Other Non-Offenses,Southwest
12103,Miscellaneous/Overdose,Downtown
12104,Miscellaneous/All Other Non-Offenses,Northwest
12105,Miscellaneous/All Other Non-Offenses,North
12106,Miscellaneous/All Other Non-Offenses,Northeast
12108,Miscellaneous/Overdose,Southeast
12110,Miscellaneous/All Other Non-Offenses,Southwest
12111,Miscellaneous/Lost Property,Southeast
12113,Miscellaneous/All Other Non-Offenses,Downtown
12114,Miscellaneous/Found Property,North
12115,Miscellaneous/All Other Non-Offenses,North
12116,Miscellaneous/All Other Non-Offenses,Downtown
12117,Family Offenses/Nonviolent (eg: neglect),Southwest
12118,Miscellaneous/All Other Non-Offenses,Downtown
12119,Miscellaneous/Deceased Person,Southeast
12120,Miscellaneous/Found Property,Southwest
12121,Miscellaneous/All Other Non-Offenses,North
12123,Miscellaneous/Found Property,Downtown
12124,Miscellaneous/All Other Non-Offenses,Southeast
12125,Miscellaneous/All Other Non-Offenses,Northeast
12126,Miscellaneous/All Other Non-Offenses,Northwest
12127,Miscellaneous/All Other Non-Offenses,Southwest
12128,Miscellaneous/Suicide,Northeast
12129,Miscellaneous/All Other Non-Offenses,Downtown
12130,Miscellaneous/Deceased Person,Northwest
12131,Miscellaneous/Missing Person (18 & over),Northeast
12133,Miscellaneous/All Other Non-Offenses,Southeast
12135,Miscellaneous/Found Property,Northeast
12136,Miscellaneous/All Other Non-Offenses,North
12137,Miscellaneous/All Other Non-Offenses,Southwest
12138,Miscellaneous/Lost Property,Downtown
12139,Miscellaneous/All Other Non-Offenses,North
12140,Miscellaneous/All Other Non-Offenses,North
12141,Miscellaneous/Lost Property,Northwest
12142,Miscellaneous/Lost Property,North
12143,Miscellaneous/Found Property,Northeast
12144,Miscellaneous/All Other Non-Offenses,Southwest
12146,Miscellaneous/Missing Person (18 & over),Northeast
12147,Miscellaneous/All Other Non-Offenses,Southeast
12148,Miscellaneous/All Other Non-Offenses,Northwest
12149,Miscellaneous/Suicide,North
12150,Miscellaneous/Found Property,North
12152,Miscellaneous/Lost Property,Downtown
12153,Miscellaneous/All Other Non-Offenses,Northeast
12154,Miscellaneous/All Other Non-Offenses,Northeast
12155,Miscellaneous/All Other Non-Offenses,Southwest
12156,Miscellaneous/Mental Commitment,Southeast
12157,Miscellaneous/All Other Non-Offenses,Downtown
12158,Miscellaneous/All Other Non-Offenses,Southwest
12159,Miscellaneous/Mental Commitment,Southwest
12160,Miscellaneous/All Other Non-Offenses,Northwest
12161,Miscellaneous/All Other Non-Offenses,North
12162,Miscellaneous/All Other Non-Offenses,Southeast
12163,Miscellaneous/All Other Non-Offenses,Downtown
12164,Miscellaneous/Mental Commitment,Southwest
12165,Miscellaneous/Mental Commitment,Southeast
12166,Miscellaneous/All Other Non-Offenses,Southeast
12167,Miscellaneous/All Other Non-Offenses,Northwest
12168,Miscellaneous/Mental Commitment,North
12169,Miscellaneous/Deceased Person,Northeast
12170,Miscellaneous/All Other Non-Offenses,Downtown
12171,Miscellaneous/All Other Non-Offenses,Southwest
12173,Miscellaneous/Suicide,Downtown
12174,Miscellaneous/All Other Non-Offenses,Northeast
12175,Miscellaneous/Mental Commitment,Southeast
12176,Miscellaneous/All Other Non-Offenses,Southwest
12177,Miscellaneous/Deceased Person,Northeast
12178,Miscellaneous/All Other Non-Offenses,Northeast
12179,Miscellaneous/All Other Non-Offenses,Northeast
12180,Miscellaneous/Suicide,Southwest
12181,Miscellaneous/All Other Non-Offenses,Northeast
12182,Miscellaneous/All Other Non-Offenses,Downtown
12183,Sex Offense/All Other,Downtown
12185,Miscellaneous/Mental Commitment,Southwest
12186,Miscellaneous/Deceased Person,Southeast
12187,Miscellaneous/All Other Non-Offenses,North
12188,Sex Offense/Forcible Rape,Northeast
12189,Miscellaneous/All Other Non-Offenses,North
12190,Miscellaneous/Deceased Person,Southeast
12191,Miscellaneous/All Other Non-Offenses,Northeast
12192,Miscellaneous/All Other Non-Offenses,Northwest
12193,Miscellaneous/All Other Non-Offenses,Downtown
12195,Miscellaneous/Found Property,Southwest
12196,Miscellaneous/All Other Non-Offenses,Northeast
12198,Miscellaneous/All Other Non-Offenses,North
12199,Miscellaneous/Lost Property,Northeast
12200,Family Offenses/Nonviolent (eg: neglect),North
12201,Miscellaneous/All Other Non-Offenses,Southeast
12202,Miscellaneous/All Other Non-Offenses,Downtown
12203,Miscellaneous/All Other Non-Offenses,North
12204,Miscellaneous/All Other Non-Offenses,Northeast
12205,Miscellaneous/Lost Property,Northwest
12206,Miscellaneous/Mental Commitment,Northwest
12207,Miscellaneous/All Other Non-Offenses,North
12208,Miscellaneous/Found Property,Downtown
12209,Miscellaneous/Found Property,Downtown
12210,Miscellaneous/All Other Non-Offenses,Southeast
12211,Miscellaneous/All Other Non-Offenses,Southwest
12212,Miscellaneous/Found Property,Downtown
12214,Miscellaneous/Mental Commitment,Northeast
12215,Miscellaneous/All Other Non-Offenses,Southwest
12216,Miscellaneous/All Other Non-Offenses,North
12218,Miscellaneous/Found Property,Northeast
12220,Miscellaneous/All Other Non-Offenses,Downtown
12221,Miscellaneous/Suicide,Northeast
12223,Miscellaneous/All Other Non-Offenses,North
12224,Miscellaneous/Found Property,Downtown
12225,Miscellaneous/All Other Non-Offenses,Northeast
12226,Miscellaneous/All Other Non-Offenses,North
12227,Miscellaneous/Overdose,Northeast
12228,Miscellaneous/All Other Non-Offenses,Southeast
12229,Miscellaneous/All Other Non-Offenses,Southeast
12230,Miscellaneous/Mental Commitment,North
12231,Miscellaneous/Found Property,Downtown
12232,Miscellaneous/All Other Non-Offenses,Downtown
12234,Miscellaneous/All Other Non-Offenses,Southwest
12235,Miscellaneous/Mental Commitment,Northeast
12236,Miscellaneous/All Other Non-Offenses,Southeast
12237,Miscellaneous/All Other Non-Offenses,Southeast
12238,Miscellaneous/All Other Non-Offenses,Downtown
12240,Miscellaneous/Deceased Person,North
12241,Miscellaneous/Mental Commitment,Southeast
12242,Miscellaneous/All Other Non-Offenses,Northeast
12243,Miscellaneous/Lost Property,North
12244,Miscellaneous/All Other Non-Offenses,Southeast
12245,Miscellaneous/All Other Non-Offenses,Southeast
12246,Miscellaneous/Mental Commitment,North
12247,Miscellaneous/Mental Commitment,Northwest
12248,Miscellaneous/Overdose,Northwest
12249,Miscellaneous/All Other Non-Offenses,Downtown
12250,Miscellaneous/Lost Property,Northeast
12251,Miscellaneous/All Other Non-Offenses,Southwest
12252,Miscellaneous/All Other Non-Offenses,Downtown
12253,Miscellaneous/Mental Commitment,Northwest
12254,Miscellaneous/Lost Property,Northeast
12255,Sex Offense/Forcible Rape,Southeast
12256,Miscellaneous/All Other Non-Offenses,Northeast
12257,Miscellaneous/All Other Non-Offenses,North
12258,Miscellaneous/Overdose,North
12259,Miscellaneous/Found Property,Northeast
12260,Miscellaneous/All Other Non-Offenses,Northeast
12261,Miscellaneous/Deceased Person,Southwest
12262,Child Abuse/Aggravated,Southeast
12263,Miscellaneous/All Other Non-Offenses,Southeast
12264,Miscellaneous/All Other Non-Offenses,Southeast
12266,Sex Offense/Peeping Tom,Southeast
12267,Miscellaneous/All Other Non-Offenses,Northeast
12268,Miscellaneous/All Other Non-Offenses,Northwest
12269,Miscellaneous/All Other Non-Offenses,Northeast
12270,Miscellaneous/All Other Non-Offenses,Southeast
12271,Miscellaneous/Lost Property,Northwest
12272,Miscellaneous/All Other Non-Offenses,Northwest
12273,Miscellaneous/All Other Non-Offenses,North
12274,Miscellaneous/Deceased Person,Southwest
12275,Miscellaneous/All Other Non-Offenses,Southwest
12276,Miscellaneous/All Other Non-Offenses,Southeast
12277,Miscellaneous/All Other Non-Offenses,North
12278,Miscellaneous/Mental Commitment,Northwest
12279,Miscellaneous/Lost Property,Downtown
12280,Miscellaneous/All Other Non-Offenses,Northeast
12281,Miscellaneous/All Other Non-Offenses,Downtown
12282,Miscellaneous/Lost Property,North
12283,Miscellaneous/All Other Non-Offenses,North
12285,Miscellaneous/All Other Non-Offenses,North
12287,Miscellaneous/All Other Non-Offenses,Northwest
12288,Miscellaneous/All Other Non-Offenses,Downtown
12289,Miscellaneous/All Other Non-Offenses,Southeast
12290,Miscellaneous/All Other Non-Offenses,Northeast
12292,Miscellaneous/All Other Non-Offenses,Southeast
12293,Miscellaneous/All Other Non-Offenses,Southeast
12294,Sex Offense/Forcible Rape,Northeast
12295,Miscellaneous/All Other Non-Offenses,Southwest
12296,Miscellaneous/All Other Non-Offenses,Northeast
12297,Miscellaneous/Mental Commitment,North
12298,Miscellaneous/All Other Non-Offenses,Southwest
12299,Miscellaneous/All Other Non-Offenses,Southeast
12300,Miscellaneous/All Other Non-Offenses,Southwest
12302,Sex Offense/Forcible Fondling,Southeast
12303,Miscellaneous/All Other Non-Offenses,Downtown
12304,Miscellaneous/All Other Non-Offenses,North
12305,Miscellaneous/All Other Non-Offenses,Southeast
12306,Miscellaneous/All Other Non-Offenses,North
12308,Miscellaneous/Found Property,Southeast
12310,Miscellaneous/All Other Non-Offenses,Northeast
12311,Miscellaneous/All Other Non-Offenses,Downtown
12313,Sex Offense/Peeping Tom,Northwest
12314,Miscellaneous/All Other Non-Offenses,North
12315,Miscellaneous/All Other Non-Offenses,North
12316,Miscellaneous/All Other Non-Offenses,Northeast
12317,Family Offenses/Nonviolent (eg: neglect),Downtown
12318,Miscellaneous/All Other Non-Offenses,Southwest
12319,Miscellaneous/Mental Commitment,Southeast
12321,Miscellaneous/All Other Non-Offenses,North
12322,Miscellaneous/All Other Non-Offenses,North
12323,Miscellaneous/All Other Non-Offenses,Southwest
12324,Miscellaneous/All Other Non-Offenses,Northwest
12325,Miscellaneous/Mental Commitment,Northwest
12326,Miscellaneous/Overdose,Southwest
12327,Miscellaneous/All Other Non-Offenses,Southwest
12328,Miscellaneous/All Other Non-Offenses,North
12330,Miscellaneous/Lost Property,Southeast
12331,Miscellaneous/All Other Non-Offenses,North
12332,Miscellaneous/Lost Property,North
12333,Miscellaneous/All Other Non-Offenses,Northwest
12334,Miscellaneous/All Other Non-Offenses,Southeast
12335,Miscellaneous/Overdose Death,Southeast
12336,Miscellaneous/Deceased Person,Downtown
12337,Miscellaneous/All Other Non-Offenses,Northeast
12338,Miscellaneous/Lost Property,North
12340,Miscellaneous/Overdose,Northwest
12341,Miscellaneous/All Other Non-Offenses,Northwest
12342,Miscellaneous/Mental Commitment,Northeast
12343,Miscellaneous/All Other Non-Offenses,Northwest
12344,Miscellaneous/All Other Non-Offenses,Downtown
12345,Miscellaneous/All Other Non-Offenses,Northeast
12346,Miscellaneous/All Other Non-Offenses,Northwest
12347,Miscellaneous/All Other Non-Offenses,Downtown
12348,Miscellaneous/All Other Non-Offenses,Northwest
12350,Miscellaneous/Missing Person (17 & under),Southeast
12351,Miscellaneous/All Other Non-Offenses,Northeast
12353,Miscellaneous/Mental Commitment,Northwest
12354,Miscellaneous/All Other Non-Offenses,Downtown
12356,Miscellaneous/All Other Non-Offenses,North
12357,Miscellaneous/Missing Person (18 & over),Southeast
12358,Miscellaneous/Lost Property,North
12359,Miscellaneous/Mental Commitment,Southwest
12360,Miscellaneous/All Other Non-Offenses,North
12361,Miscellaneous/Found Property,North
12362,Miscellaneous/All Other Non-Offenses,Northeast
12363,Miscellaneous/All Other Non-Offenses,Northeast
12364,Miscellaneous/Lost Property,North
12365,Miscellaneous/All Other Non-Offenses,Southeast
12366,Miscellaneous/Mental Commitment,Southeast
12368,Miscellaneous/All Other Non-Offenses,Southwest
12369,Miscellaneous/All Other Non-Offenses,Southwest
12370,Miscellaneous/All Other Non-Offenses,Southeast
12371,Miscellaneous/All Other Non-Offenses,Southeast
12372,Miscellaneous/Mental Commitment,Southeast
12373,Miscellaneous/Lost Property,Northeast
12374,Miscellaneous/All Other Non-Offenses,Southeast
12377,Miscellaneous/All Other Non-Offenses,Southwest
12378,Miscellaneous/Found Property,North
12379,Miscellaneous/All Other Non-Offenses,North
12382,Miscellaneous/All Other Non-Offenses,Northwest
12383,Miscellaneous/Found Property,Downtown
12384,Miscellaneous/All Other Non-Offenses,Southeast
12385,Miscellaneous/Found Property,Northwest
12386,Miscellaneous/Lost Property,Southwest
12388,Miscellaneous/All Other Non-Offenses,Northeast
12389,Miscellaneous/All Other Non-Offenses,Downtown
12392,Miscellaneous/All Other Non-Offenses,North
12394,Miscellaneous/All Other Non-Offenses,Southwest
12397,Miscellaneous/All Other Non-Offenses,Downtown
12398,Miscellaneous/Lost Property,Southwest
12400,Miscellaneous/All Other Non-Offenses,Northwest
12401,Miscellaneous/Lost Property,Northeast
12406,Miscellaneous/Mental Commitment,Southwest
12407,Sex Offense/Peeping Tom,Northeast
12408,Miscellaneous/All Other Non-Offenses,Northeast
12409,Miscellaneous/Mental Commitment,Northeast
12410,Miscellaneous/Found Property,Southeast
12411,Miscellaneous/All Other Non-Offenses,Southeast
12412,Miscellaneous/All Other Non-Offenses,Northwest
12413,Miscellaneous/All Other Non-Offenses,Northeast
12414,Miscellaneous/All Other Non-Offenses,Northeast
12415,Miscellaneous/Missing Person (18 & over),Northwest
12416,Miscellaneous/Suicide,Northwest
12417,Miscellaneous/All Other Non-Offenses,Southeast
12419,Miscellaneous/All Other Non-Offenses,Northeast
12421,Miscellaneous/All Other Non-Offenses,Southwest
12422,Miscellaneous/Missing Person (18 & over),Northeast
12424,Miscellaneous/All Other Non-Offenses,Southeast
12425,Miscellaneous/Mental Commitment,Southeast
12426,Miscellaneous/All Other Non-Offenses,Southeast
12427,Juvenile/Truancy,Northeast
12428,Miscellaneous/Mental Commitment,Downtown
12429,Miscellaneous/Overdose,Northeast
12430,Miscellaneous/All Other Non-Offenses,Northeast
12431,Miscellaneous/All Other Non-Offenses,Southwest
12432,Miscellaneous/Missing Person (18 & over),Southwest
12434,Miscellaneous/All Other Non-Offenses,Downtown
12435,Miscellaneous/All Other Non-Offenses,Downtown
12436,Miscellaneous/All Other Non-Offenses,Northwest
12438,Miscellaneous/Suicide,Northwest
12441,Miscellaneous/Found Property,Northeast
12442,Miscellaneous/Mental Commitment,Downtown
12444,Miscellaneous/Found Property,Downtown
12445,Miscellaneous/Found Property,Southwest
12446,Juvenile/Runaway,Northeast
12447,Miscellaneous/All Other Non-Offenses,Southwest
12449,Miscellaneous/All Other Non-Offenses,Southeast
12451,Miscellaneous/Found Property,Downtown
12452,Miscellaneous/All Other Non-Offenses,Northeast
12453,Miscellaneous/Deceased Person,North
12454,Miscellaneous/Mental Commitment,Southeast
12455,Miscellaneous/Suicide,Southwest
12456,Miscellaneous/Found Property,Downtown
12457,Miscellaneous/All Other Non-Offenses,Southeast
12458,Miscellaneous/All Other Non-Offenses,Southwest
12459,Miscellaneous/Lost Property,Southwest
12460,Miscellaneous/All Other Non-Offenses,Southwest
12461,Miscellaneous/All Other Non-Offenses,Southeast
12462,Miscellaneous/Mental Commitment,Downtown
12463,Miscellaneous/Lost Property,Northeast
12464,Miscellaneous/All Other Non-Offenses,North
12465,Sex Offense/Peeping Tom,Northeast
12466,Miscellaneous/All Other Non-Offenses,North
12467,Miscellaneous/All Other Non-Offenses,North
12468,Miscellaneous/All Other Non-Offenses,Southeast
12469,Miscellaneous/All Other Non-Offenses,Southwest
12470,Miscellaneous/Found Property,Downtown
12472,Miscellaneous/All Other Non-Offenses,Northeast
12473,Miscellaneous/All Other Non-Offenses,North
12474,Miscellaneous/All Other Non-Offenses,Downtown
12475,Miscellaneous/All Other Non-Offenses,Downtown
12476,Miscellaneous/All Other Non-Offenses,Downtown
12477,Miscellaneous/Mental Commitment,Northwest
12478,Miscellaneous/Mental Commitment,Southeast
12479,Miscellaneous/All Other Non-Offenses,Northeast
12480,Miscellaneous/All Other Non-Offenses,Southwest
12481,Miscellaneous/Deceased Person,Northwest
12482,Miscellaneous/All Other Non-Offenses,Southwest
12483,Miscellaneous/All Other Non-Offenses,Southwest
12485,Miscellaneous/All Other Non-Offenses,Northeast
12487,Miscellaneous/All Other Non-Offenses,Southwest
12488,Miscellaneous/Suicide,Northeast
12489,Miscellaneous/All Other Non-Offenses,Downtown
12490,Miscellaneous/Found Property,Downtown
12491,Miscellaneous/All Other Non-Offenses,Southeast
12492,Miscellaneous/Missing Person (18 & over),Southeast
12493,Miscellaneous/All Other Non-Offenses,Downtown
12495,Miscellaneous/All Other Non-Offenses,Southeast
12496,Miscellaneous/Mental Commitment,Southeast
12497,Miscellaneous/All Other Non-Offenses,Northeast
12498,Miscellaneous/Overdose,North
12499,Miscellaneous/All Other Non-Offenses,Southeast
12500,Miscellaneous/All Other Non-Offenses,Northeast
12501,Miscellaneous/Found Property,Downtown
12502,Miscellaneous/All Other Non-Offenses,Downtown
12503,Miscellaneous/All Other Non-Offenses,Northeast
12504,Miscellaneous/Lost Property,Downtown
12505,Miscellaneous/All Other Non-Offenses,Downtown
12506,Miscellaneous/All Other Non-Offenses,Northwest
12507,Miscellaneous/Mental Commitment,Southeast
12510,Miscellaneous/Mental Commitment,Southeast
12511,Miscellaneous/Lost Property,Northeast
12512,Miscellaneous/Mental Commitment,Southwest
12513,Miscellaneous/Deceased Person,Northwest
12514,Sex Offense/Forcible Fondling,Southeast
12515,Miscellaneous/Found Property,Southeast
12516,Miscellaneous/All Other Non-Offenses,North
12518,Miscellaneous/Found Property,North
12519,Miscellaneous/Found Property,Southeast
12520,Miscellaneous/Deceased Person,Southeast
12521,Miscellaneous/All Other Non-Offenses,Northeast
12522,Miscellaneous/All Other Non-Offenses,Southwest
12523,Miscellaneous/All Other Non-Offenses,Southeast
12524,Family Offenses/Nonviolent (eg: neglect),Downtown
12525,Miscellaneous/Deceased Person,North
12526,Miscellaneous/Found Property,Southeast
12528,Miscellaneous/Mental Commitment,Southwest
12530,Family Offenses/Nonviolent (eg: neglect),Downtown
12533,Miscellaneous/All Other Non-Offenses,Northeast
12534,Miscellaneous/All Other Non-Offenses,Northeast
12535,Miscellaneous/Suicide,Northwest
12536,Miscellaneous/Found Property,Downtown
12537,Miscellaneous/Deceased Person,Northeast
12538,Miscellaneous/Found Property,Southeast
12539,Miscellaneous/All Other Non-Offenses,Downtown
12540,Miscellaneous/Found Property,Downtown
12541,Miscellaneous/Lost Property,Southwest
12542,Miscellaneous/Found Property,Southwest
12544,Miscellaneous/Found Property,Downtown
12545,Miscellaneous/All Other Non-Offenses,Southwest
12546,Miscellaneous/Missing Person (18 & over),North
12548,Miscellaneous/All Other Non-Offenses,Southwest
12549,Miscellaneous/All Other Non-Offenses,North
12550,Miscellaneous/All Other Non-Offenses,Northwest
12551,Miscellaneous/All Other Non-Offenses,Southeast
12552,Miscellaneous/All Other Non-Offenses,Southwest
12553,Miscellaneous/All Other Non-Offenses,Downtown
12554,Miscellaneous/Lost Property,Northwest
12555,Miscellaneous/All Other Non-Offenses,North
12556,Miscellaneous/All Other Non-Offenses,North
12557,Miscellaneous/Mental Commitment,Downtown
12558,Miscellaneous/All Other Non-Offenses,Downtown
12560,Miscellaneous/All Other Non-Offenses,Southeast
12561,Miscellaneous/All Other Non-Offenses,Northeast
12562,Miscellaneous/All Other Non-Offenses,Southeast
12563,Miscellaneous/All Other Non-Offenses,Southeast
12564,Miscellaneous/Found Property,Southwest
12565,Miscellaneous/Found Property,Downtown
12567,Miscellaneous/All Other Non-Offenses,Northeast
12568,Miscellaneous/All Other Non-Offenses,Southwest
12569,Miscellaneous/Deceased Person,Northwest
12570,Miscellaneous/Missing Person (18 & over),Northeast
12571,Miscellaneous/Deceased Person,Southwest
12572,Miscellaneous/Mental Commitment,Northwest
12573,Miscellaneous/Deceased Person,Southwest
12574,Miscellaneous/Lost Property,North
12577,Miscellaneous/All Other Non-Offenses,Northwest
12578,Miscellaneous/All Other Non-Offenses,Downtown
12579,Miscellaneous/All Other Non-Offenses,North
12580,Miscellaneous/All Other Non-Offenses,Southwest
12581,Miscellaneous/Mental Commitment,Downtown
12582,Miscellaneous/All Other Non-Offenses,Southeast
12584,Miscellaneous/Lost Property,Downtown
12585,Miscellaneous/Found Property,North
12586,Miscellaneous/Lost Property,Northwest
12587,Miscellaneous/Lost Property,Southwest
12592,Family Offenses/Nonviolent (eg: neglect),Downtown
12593,Miscellaneous/All Other Non-Offenses,Northeast
12594,Miscellaneous/Mental Commitment,Southeast
12596,Miscellaneous/All Other Non-Offenses,North
12597,Miscellaneous/Found Property,Northwest
12598,Miscellaneous/Found Property,Downtown
12599,Miscellaneous/All Other Non-Offenses,North
12600,Miscellaneous/All Other Non-Offenses,Southeast
12601,Miscellaneous/Missing Person (18 & over),Southwest
12602,Miscellaneous/All Other Non-Offenses,North
12605,Family Offenses/Nonviolent (eg: neglect),Southeast
12606,Miscellaneous/All Other Non-Offenses,Downtown
12607,Miscellaneous/All Other Non-Offenses,Downtown
12608,Miscellaneous/All Other Non-Offenses,Northwest
12609,Miscellaneous/Found Property,Northeast
12610,Miscellaneous/All Other Non-Offenses,North
12611,Miscellaneous/Mental Commitment,North
12613,Miscellaneous/All Other Non-Offenses,Northeast
12614,Miscellaneous/All Other Non-Offenses,Southeast
12615,Miscellaneous/All Other Non-Offenses,Southeast
12616,Miscellaneous/All Other Non-Offenses,Northwest
12618,Miscellaneous/All Other Non-Offenses,North
12619,Miscellaneous/All Other Non-Offenses,Northeast
12620,Miscellaneous/All Other Non-Offenses,Northeast
12622,Miscellaneous/All Other Non-Offenses,Northwest
12623,Miscellaneous/All Other Non-Offenses,Southeast
12624,Miscellaneous/All Other Non-Offenses,Northeast
12625,Miscellaneous/All Other Non-Offenses,Southeast
12626,Miscellaneous/Found Property,North
12627,Miscellaneous/All Other Non-Offenses,Northwest
12628,Miscellaneous/All Other Non-Offenses,Northwest
12630,Miscellaneous/All Other Non-Offenses,Southeast
12631,Miscellaneous/All Other Non-Offenses,North
12632,Miscellaneous/Mental Commitment,Southwest
12634,Miscellaneous/All Other Non-Offenses,North
12635,Miscellaneous/Deceased Person,Northwest
12636,Miscellaneous/Injured Person,North
12637,Miscellaneous/All Other Non-Offenses,Downtown
12638,Juvenile/Runaway,North
12639,Miscellaneous/All Other Non-Offenses,Downtown
12641,Miscellaneous/All Other Non-Offenses,North
12642,Miscellaneous/All Other Non-Offenses,North
12643,Miscellaneous/Suicide,North
12644,Miscellaneous/Mental Commitment,Northwest
12645,Miscellaneous/Deceased Person,Northeast
12646,Miscellaneous/Found Property,North
12647,Miscellaneous/Mental Commitment,Downtown
12648,Miscellaneous/All Other Non-Offenses,Downtown
12650,Miscellaneous/All Other Non-Offenses,Downtown
12651,Miscellaneous/All Other Non-Offenses,Southeast
12652,Miscellaneous/All Other Non-Offenses,North
12653,Miscellaneous/Lost Property,Southwest
12654,Miscellaneous/All Other Non-Offenses,Downtown
12655,Miscellaneous/All Other Non-Offenses,Downtown
12656,Miscellaneous/All Other Non-Offenses,Downtown
12657,Miscellaneous/All Other Non-Offenses,North
12658,Miscellaneous/All Other Non-Offenses,Southeast
12660,Miscellaneous/Mental Commitment,Southwest
12661,Miscellaneous/Lost Property,Northwest
12662,Miscellaneous/Suicide,North
12663,Miscellaneous/Deceased Person,Southwest
12664,Miscellaneous/Deceased Person,Southeast
12665,Miscellaneous/All Other Non-Offenses,Downtown
12666,Miscellaneous/Lost Property,Northeast
12667,Miscellaneous/Deceased Person,Northeast
12668,Miscellaneous/All Other Non-Offenses,Downtown
12669,Miscellaneous/Mental Commitment,Northeast
12670,Miscellaneous/Lost Property,North
12671,Miscellaneous/Suicide,Northwest
12672,Miscellaneous/All Other Non-Offenses,Southeast
12674,Miscellaneous/All Other Non-Offenses,Southwest
12675,Miscellaneous/Found Property,Northwest
12677,Miscellaneous/Suicide,Southwest
12678,Family Offenses/Nonviolent (eg: neglect),Downtown
12679,Miscellaneous/Missing Person (18 & over),North
12680,Miscellaneous/All Other Non-Offenses,Northeast
12681,Miscellaneous/All Other Non-Offenses,Southeast
12682,Miscellaneous/Suicide,Southwest
12683,Miscellaneous/All Other Non-Offenses,Southeast
12686,Miscellaneous/Found Property,North
12687,Miscellaneous/All Other Non-Offenses,Southeast
12688,Miscellaneous/All Other Non-Offenses,Southwest
12689,Miscellaneous/Lost Property,Northeast
12690,Miscellaneous/All Other Non-Offenses,Northwest
12691,Miscellaneous/All Other Non-Offenses,Downtown
12694,Sex Offense/Forcible Rape,North
12695,Miscellaneous/All Other Non-Offenses,Northeast
12696,Miscellaneous/Lost Property,Downtown
12697,Miscellaneous/All Other Non-Offenses,Northwest
12698,Miscellaneous/All Other Non-Offenses,Northwest
12699,Miscellaneous/Overdose Death,Northwest
12700,Miscellaneous/All Other Non-Offenses,Downtown
12701,Miscellaneous/Mental Commitment,Northeast
12702,Miscellaneous/All Other Non-Offenses,Downtown
12703,Miscellaneous/Found Property,Southeast
12706,Miscellaneous/All Other Non-Offenses,Northwest
12708,Miscellaneous/All Other Non-Offenses,Northeast
12709,Miscellaneous/All Other Non-Offenses,North
12710,Miscellaneous/All Other Non-Offenses,North
12711,Miscellaneous/All Other Non-Offenses,Southeast
12712,Miscellaneous/Found Property,North
12713,Miscellaneous/Found Property,Downtown
12714,Miscellaneous/All Other Non-Offenses,Southeast
12715,Miscellaneous/Found Property,Downtown
12718,Miscellaneous/All Other Non-Offenses,Southeast
12719,Miscellaneous/All Other Non-Offenses,Northwest
12720,Miscellaneous/All Other Non-Offenses,Southeast
12722,Miscellaneous/Found Property,North
12723,Miscellaneous/All Other Non-Offenses,Downtown
12724,Miscellaneous/Lost Property,Northeast
12725,Miscellaneous/Lost Property,Downtown
12726,Miscellaneous/Mental Commitment,Downtown
12727,Miscellaneous/Mental Commitment,Northwest
12730,Miscellaneous/Lost Property,Northwest
12731,Miscellaneous/Mental Commitment,Southeast
12732,Miscellaneous/All Other Non-Offenses,North
12733,Miscellaneous/All Other Non-Offenses,Northwest
12734,Miscellaneous/Found Property,North
12735,Miscellaneous/All Other Non-Offenses,Southwest
12736,Miscellaneous/All Other Non-Offenses,Southeast
12737,Miscellaneous/All Other Non-Offenses,Southeast
12739,Miscellaneous/Lost Property,Southeast
12740,Miscellaneous/All Other Non-Offenses,Northeast
12741,Miscellaneous/All Other Non-Offenses,Northwest
12742,Miscellaneous/All Other Non-Offenses,Southeast
12743,Miscellaneous/All Other Non-Offenses,Northwest
12744,Miscellaneous/All Other Non-Offenses,North
12746,Miscellaneous/All Other Non-Offenses,Northwest
12747,Miscellaneous/Mental Commitment,Northwest
12750,Miscellaneous/All Other Non-Offenses,Northeast
12751,Miscellaneous/Lost Property,Southwest
12753,Miscellaneous/Missing Person (18 & over),Southeast
12754,Miscellaneous/Found Property,Downtown
12755,Miscellaneous/All Other Non-Offenses,Northwest
12756,Miscellaneous/Deceased Person,North
12757,Miscellaneous/Found Property,Southeast
12760,Sex Offense/Peeping Tom,Northwest
12761,Miscellaneous/All Other Non-Offenses,Northeast
12762,Miscellaneous/Found Property,Downtown
12763,Miscellaneous/All Other Non-Offenses,Downtown
12764,Miscellaneous/Lost Property,Southeast
12765,Miscellaneous/Mental Commitment,Downtown
12766,Miscellaneous/Found Property,Southwest
12767,Miscellaneous/Lost Property,Northeast
12768,Miscellaneous/Injured Person,Southeast
12770,Miscellaneous/Found Property,Southwest
12771,Miscellaneous/Suicide,Northwest
12772,Miscellaneous/All Other Non-Offenses,Downtown
12773,Miscellaneous/All Other Non-Offenses,Southwest
12774,Miscellaneous/Missing Person (18 & over),Northeast
12776,Miscellaneous/Missing Person (18 & over),Southwest
12777,Miscellaneous/Found Property,Downtown
12778,Miscellaneous/All Other Non-Offenses,Southeast
12779,Miscellaneous/Lost Property,Northwest
12780,Miscellaneous/All Other Non-Offenses,Downtown
12781,Miscellaneous/All Other Non-Offenses,Downtown
12782,Miscellaneous/All Other Non-Offenses,Downtown
12783,Miscellaneous/Lost Property,Northwest
12784,Miscellaneous/Missing Person (18 & over),Southeast
12785,Miscellaneous/Overdose Death,Northeast
12786,Miscellaneous/Mental Commitment,Southwest
12787,Miscellaneous/Lost Property,North
12788,Miscellaneous/All Other Non-Offenses,Southeast
12789,Miscellaneous/Deceased Person,North
12790,Miscellaneous/Deceased Person,North
12791,Miscellaneous/Suicide,Northeast
12792,Miscellaneous/All Other Non-Offenses,Northeast
12795,Miscellaneous/All Other Non-Offenses,Downtown
12796,Miscellaneous/All Other Non-Offenses,Downtown
12797,Miscellaneous/All Other Non-Offenses,Northeast
12798,Miscellaneous/All Other Non-Offenses,Southeast
12799,Miscellaneous/All Other Non-Offenses,Downtown
12801,Miscellaneous/All Other Non-Offenses,North
12802,Miscellaneous/All Other Non-Offenses,Southwest
12803,Miscellaneous/All Other Non-Offenses,Southwest
12804,Miscellaneous/Mental Commitment,Northeast
12805,Miscellaneous/All Other Non-Offenses,Northwest
12806,Miscellaneous/Found Property,Downtown
12807,Miscellaneous/All Other Non-Offenses,Northwest
12808,Miscellaneous/All Other Non-Offenses,North
12809,Miscellaneous/Mental Commitment,Downtown
12810,Miscellaneous/Mental Commitment,Downtown
12812,Miscellaneous/All Other Non-Offenses,Southeast
12813,Miscellaneous/All Other Non-Offenses,Downtown
12814,Traffic/Citizen Request,Southeast
12815,Miscellaneous/Mental Commitment,Northwest
12817,Miscellaneous/Found Property,Northwest
12818,Miscellaneous/All Other Non-Offenses,North
12819,Miscellaneous/Mental Commitment,Southwest
12820,Miscellaneous/All Other Non-Offenses,Southwest
12821,Miscellaneous/All Other Non-Offenses,Northeast
12823,Miscellaneous/All Other Non-Offenses,Northeast
12824,Miscellaneous/Missing Person (18 & over),Northeast
12825,Miscellaneous/Mental Commitment,Downtown
12826,Miscellaneous/Lost Property,Downtown
12827,Miscellaneous/All Other Non-Offenses,Northeast
12828,Miscellaneous/All Other Non-Offenses,Southeast
12830,Miscellaneous/All Other Non-Offenses,North
12831,Miscellaneous/All Other Non-Offenses,Downtown
12832,Miscellaneous/Missing Person (18 & over),Southwest
12833,Miscellaneous/Suicide,Southeast
12835,Miscellaneous/Mental Commitment,Northeast
12836,Miscellaneous/Mental Commitment,North
12837,Sex Offense/Forcible Fondling,Southeast
12838,Miscellaneous/All Other Non-Offenses,Northeast
12839,Miscellaneous/All Other Non-Offenses,Southeast
12840,Miscellaneous/All Other Non-Offenses,Northeast
12843,Miscellaneous/Lost Property,Southwest
12844,Miscellaneous/Found Property,Southeast
12846,Miscellaneous/All Other Non-Offenses,North
12847,Miscellaneous/All Other Non-Offenses,Southeast
12848,Miscellaneous/All Other Non-Offenses,Northeast
12852,Sex Offense/Forcible Rape,Northwest
12853,Miscellaneous/All Other Non-Offenses,Southeast
12855,Miscellaneous/Mental Commitment,Downtown
12856,Miscellaneous/All Other Non-Offenses,Southeast
12857,Miscellaneous/All Other Non-Offenses,Northwest
12858,Miscellaneous/Found Property,Downtown
12859,Sex Offense/Peeping Tom,Southwest
12860,Miscellaneous/Lost Property,Downtown
12862,Miscellaneous/All Other Non-Offenses,Downtown
12863,Miscellaneous/Mental Commitment,Northeast
12864,Miscellaneous/All Other Non-Offenses,Southeast
12865,Miscellaneous/Found Property,Downtown
12866,Miscellaneous/Suicide,Southwest
12867,Miscellaneous/All Other Non-Offenses,Downtown
12870,Miscellaneous/Mental Commitment,Northwest
12871,Miscellaneous/All Other Non-Offenses,Southeast
12872,Miscellaneous/Mental Commitment,North
12873,Miscellaneous/All Other Non-Offenses,Northwest
12876,Miscellaneous/All Other Non-Offenses,Southwest
12877,Miscellaneous/All Other Non-Offenses,Northeast
12879,Miscellaneous/All Other Non-Offenses,Northwest
12880,Miscellaneous/All Other Non-Offenses,Downtown
12881,Miscellaneous/Found Property,Downtown
12883,Miscellaneous/All Other Non-Offenses,Northeast
12884,Miscellaneous/All Other Non-Offenses,Southeast
12885,Miscellaneous/Lost Property,North
12887,Miscellaneous/Found Property,North
12889,Miscellaneous/Mental Commitment,North
12891,Miscellaneous/All Other Non-Offenses,Northwest
12892,Miscellaneous/All Other Non-Offenses,Downtown
12893,Miscellaneous/All Other Non-Offenses,Northeast
12894,Miscellaneous/Mental Commitment,Southeast
12895,Miscellaneous/All Other Non-Offenses,Northeast
12897,Miscellaneous/All Other Non-Offenses,Southeast
12898,Miscellaneous/All Other Non-Offenses,Southeast
12899,Miscellaneous/Mental Commitment,Northwest
12900,Miscellaneous/All Other Non-Offenses,Downtown
12901,Miscellaneous/All Other Non-Offenses,North
12902,Miscellaneous/Mental Commitment,North
12903,Miscellaneous/All Other Non-Offenses,Southeast
12904,Miscellaneous/All Other Non-Offenses,Southeast
12905,Miscellaneous/All Other Non-Offenses,Downtown
12906,Miscellaneous/All Other Non-Offenses,Southeast
12907,Miscellaneous/All Other Non-Offenses,Northeast
12908,Miscellaneous/Deceased Person,North
12910,Miscellaneous/Lost Property,North
12911,Miscellaneous/Suicide,Downtown
12912,Miscellaneous/All Other Non-Offenses,North
12913,Miscellaneous/All Other Non-Offenses,Northwest
12914,Miscellaneous/All Other Non-Offenses,Southeast
12915,Miscellaneous/All Other Non-Offenses,Northwest
12916,Traffic/Citizen Request,Southeast
12917,Miscellaneous/All Other Non-Offenses,Southwest
12918,Miscellaneous/Injured Person,Southeast
12920,Miscellaneous/Lost Property,Southeast
12921,Miscellaneous/All Other Non-Offenses,Southeast
12922,Miscellaneous/Lost Property,Northeast
12923,Miscellaneous/Found Property,Southeast
12924,Miscellaneous/Lost Property,North
12925,Miscellaneous/All Other Non-Offenses,Northeast
12926,Miscellaneous/Mental Commitment,North
12927,Miscellaneous/All Other Non-Offenses,Southeast
12929,Miscellaneous/All Other Non-Offenses,Northeast
12931,Miscellaneous/All Other Non-Offenses,Southwest
12932,Miscellaneous/Found Property,Southeast
12933,Miscellaneous/All Other Non-Offenses,North
12934,Miscellaneous/All Other Non-Offenses,Downtown
12935,Miscellaneous/Deceased Person,Downtown
12936,Miscellaneous/Deceased Person,Downtown
12938,Miscellaneous/Deceased Person,Northwest
12939,Miscellaneous/All Other Non-Offenses,Southwest
12940,Miscellaneous/All Other Non-Offenses,North
12942,Miscellaneous/All Other Non-Offenses,Southeast
12943,Miscellaneous/All Other Non-Offenses,Downtown
12944,Miscellaneous/Mental Commitment,Downtown
12946,Miscellaneous/All Other Non-Offenses,Northeast
12947,Miscellaneous/All Other Non-Offenses,Southeast
12948,Miscellaneous/All Other Non-Offenses,North
12949,Miscellaneous/All Other Non-Offenses,Downtown
12950,Miscellaneous/Mental Commitment,Downtown
12953,Miscellaneous/Lost Property,Southwest
12954,Miscellaneous/Found Property,Downtown
12957,Miscellaneous/All Other Non-Offenses,Southeast
12958,Miscellaneous/All Other Non-Offenses,Northwest
12959,Miscellaneous/Deceased Person,Southeast
12960,Miscellaneous/All Other Non-Offenses,Southeast
12962,Miscellaneous/Found Property,North
12963,Miscellaneous/Lost Property,Downtown
12965,Miscellaneous/Mental Commitment,Southwest
12966,Miscellaneous/Lost Property,Southeast
12968,Miscellaneous/All Other Non-Offenses,North
12970,Miscellaneous/All Other Non-Offenses,North
12971,Miscellaneous/All Other Non-Offenses,Southwest
12972,Miscellaneous/All Other Non-Offenses,Southeast
12974,Miscellaneous/All Other Non-Offenses,Southeast
12976,Miscellaneous/All Other Non-Offenses,Northeast
12977,Miscellaneous/Mental Commitment,Northwest
12978,Family Offenses/Nonviolent (eg: neglect),Downtown
12979,Miscellaneous/Injured Person,Northeast
12980,Miscellaneous/Suicide,North
12981,Miscellaneous/All Other Non-Offenses,Northeast
12982,Miscellaneous/All Other Non-Offenses,Northeast
12983,Miscellaneous/Mental Commitment,Northwest
12984,Miscellaneous/Deceased Person,Northwest
12985,Miscellaneous/All Other Non-Offenses,Southeast
12987,Miscellaneous/Suicide,Northwest
12988,Miscellaneous/All Other Non-Offenses,Downtown
12989,Miscellaneous/Lost Property,Southwest
12990,Miscellaneous/All Other Non-Offenses,Downtown
12991,Miscellaneous/Deceased Person,North
12992,Miscellaneous/Lost Property,Southeast
12993,Miscellaneous/All Other Non-Offenses,North
12994,Miscellaneous/All Other Non-Offenses,Northeast
12996,Miscellaneous/All Other Non-Offenses,Southeast
12998,Miscellaneous/All Other Non-Offenses,Northwest
13000,Miscellaneous/All Other Non-Offenses,Southwest
13001,Traffic/Citizen Request,Southwest
13003,Miscellaneous/All Other Non-Offenses,Southwest
13004,Miscellaneous/All Other Non-Offenses,Southeast
13005,Miscellaneous/Missing Person (18 & over),Northwest
13006,Miscellaneous/All Other Non-Offenses,Southwest
13008,Miscellaneous/All Other Non-Offenses,Downtown
13009,Miscellaneous/Lost Property,Downtown
13010,Miscellaneous/All Other Non-Offenses,North
13011,Miscellaneous/All Other Non-Offenses,North
13012,Miscellaneous/All Other Non-Offenses,Southwest
13013,Miscellaneous/Lost Property,Downtown
13016,Miscellaneous/Lost Property,Northeast
13017,Miscellaneous/All Other Non-Offenses,Northeast
13018,Sex Offense/Forcible Rape,Northwest
13019,Miscellaneous/All Other Non-Offenses,Downtown
13021,Miscellaneous/All Other Non-Offenses,North
13022,Miscellaneous/All Other Non-Offenses,Southeast
13023,Miscellaneous/Lost Property,Northeast
13024,Miscellaneous/All Other Non-Offenses,North
13025,Miscellaneous/All Other Non-Offenses,Northwest
13026,Miscellaneous/Mental Commitment,Southeast
13027,Miscellaneous/Lost Property,Northeast
13028,Family Offenses/Nonviolent (eg: neglect),Northwest
13029,Miscellaneous/Mental Commitment,Downtown
13030,Miscellaneous/All Other Non-Offenses,Southwest
13031,Sex Offense/All Other,Southeast
13032,Miscellaneous/All Other Non-Offenses,Northwest
13034,Miscellaneous/All Other Non-Offenses,Downtown
13035,Miscellaneous/All Other Non-Offenses,Southeast
13036,Miscellaneous/All Other Non-Offenses,Southeast
13037,Miscellaneous/Mental Commitment,Southeast
13038,Miscellaneous/Found Property,Southwest
13039,Miscellaneous/All Other Non-Offenses,Downtown
13040,Miscellaneous/Lost Property,Southeast
13042,Miscellaneous/Found Property,Southwest
13044,Miscellaneous/Lost Property,Northeast
13045,Miscellaneous/Found Property,Downtown
13047,Miscellaneous/Mental Commitment,Southeast
13048,Miscellaneous/All Other Non-Offenses,Southwest
13049,Miscellaneous/All Other Non-Offenses,Southeast
13050,Miscellaneous/Found Property,Northwest
13051,Miscellaneous/All Other Non-Offenses,Southeast
13052,Miscellaneous/All Other Non-Offenses,Northwest
13053,Miscellaneous/Found Property,Downtown
13054,Miscellaneous/Found Property,Downtown
13055,Miscellaneous/All Other Non-Offenses,Downtown
13056,Miscellaneous/All Other Non-Offenses,Northwest
13058,Miscellaneous/All Other Non-Offenses,Southeast
13059,Miscellaneous/All Other Non-Offenses,North
13060,Miscellaneous/All Other Non-Offenses,Northeast
13061,Miscellaneous/All Other Non-Offenses,North
13062,Miscellaneous/Mental Commitment,Downtown
13064,Miscellaneous/All Other Non-Offenses,North
13065,Miscellaneous/Mental Commitment,Southeast
13066,Miscellaneous/All Other Non-Offenses,Southeast
13067,Miscellaneous/All Other Non-Offenses,Downtown
13068,Miscellaneous/All Other Non-Offenses,North
13070,Miscellaneous/All Other Non-Offenses,Northeast
13072,Miscellaneous/All Other Non-Offenses,North
13073,Miscellaneous/Mental Commitment,Southeast
13074,Miscellaneous/All Other Non-Offenses,Southeast
13075,Miscellaneous/Mental Commitment,Northwest
13076,Miscellaneous/All Other Non-Offenses,Southeast
13077,Miscellaneous/Lost Property,Downtown
13078,Miscellaneous/Found Property,Downtown
13079,Miscellaneous/All Other Non-Offenses,Downtown
13080,Miscellaneous/Lost Property,North
13081,Miscellaneous/All Other Non-Offenses,Southeast
13082,Miscellaneous/Found Property,Downtown
13084,Miscellaneous/Deceased Person,North
13085,Miscellaneous/Mental Commitment,Southeast
13086,Miscellaneous/All Other Non-Offenses,Northwest
13087,Miscellaneous/All Other Non-Offenses,Southwest
13089,Miscellaneous/All Other Non-Offenses,Northeast
13090,Miscellaneous/All Other Non-Offenses,Southeast
13091,Miscellaneous/All Other Non-Offenses,Southwest
13092,Miscellaneous/Mental Commitment,Northwest
13093,Miscellaneous/All Other Non-Offenses,Southeast
13095,Miscellaneous/All Other Non-Offenses,Southeast
13096,Miscellaneous/All Other Non-Offenses,Southwest
13097,Miscellaneous/Lost Property,North
13098,Miscellaneous/All Other Non-Offenses,Northwest
13099,Miscellaneous/All Other Non-Offenses,Southeast
13100,Miscellaneous/All Other Non-Offenses,Southwest
13101,Miscellaneous/All Other Non-Offenses,North
13102,Miscellaneous/Suicide,Northeast
13103,Miscellaneous/All Other Non-Offenses,Southwest
13104,Miscellaneous/All Other Non-Offenses,Southeast
13105,Miscellaneous/All Other Non-Offenses,Downtown
13106,Miscellaneous/All Other Non-Offenses,Downtown
13107,Miscellaneous/Found Property,Northwest
13108,Miscellaneous/All Other Non-Offenses,Southeast
13110,Miscellaneous/All Other Non-Offenses,Southwest
13111,Miscellaneous/All Other Non-Offenses,Northwest
13112,Miscellaneous/All Other Non-Offenses,Southeast
13114,Miscellaneous/All Other Non-Offenses,Southwest
13115,Miscellaneous/All Other Non-Offenses,Northeast
13116,Miscellaneous/Suicide,North
13119,Miscellaneous/All Other Non-Offenses,North
13120,Miscellaneous/Mental Commitment,Northwest
13121,Miscellaneous/All Other Non-Offenses,North
13122,Miscellaneous/Deceased Person,Northeast
13123,Miscellaneous/All Other Non-Offenses,North
13124,Miscellaneous/All Other Non-Offenses,Northwest
13126,Miscellaneous/Mental Commitment,Downtown
13127,Miscellaneous/All Other Non-Offenses,Northwest
13128,Miscellaneous/All Other Non-Offenses,Downtown
13129,Miscellaneous/All Other Non-Offenses,Northeast
13130,Miscellaneous/Lost Property,North
13131,Miscellaneous/Mental Commitment,Downtown
13132,Miscellaneous/Missing Person (18 & over),Northeast
13133,Miscellaneous/All Other Non-Offenses,Northwest
13134,Miscellaneous/Missing Person (18 & over),Downtown
13135,Miscellaneous/All Other Non-Offenses,Northeast
13136,Miscellaneous/All Other Non-Offenses,Downtown
13137,Miscellaneous/Found Property,Southwest
13139,Miscellaneous/All Other Non-Offenses,North
13140,Miscellaneous/All Other Non-Offenses,Northeast
13141,Miscellaneous/All Other Non-Offenses,Northwest
13142,Miscellaneous/Mental Commitment,Southwest
13143,Miscellaneous/All Other Non-Offenses,Northwest
13144,Miscellaneous/All Other Non-Offenses,Southwest
13146,Miscellaneous/All Other Non-Offenses,Downtown
13148,Miscellaneous/All Other Non-Offenses,Downtown
13149,Miscellaneous/Found Property,Downtown
13151,Miscellaneous/All Other Non-Offenses,North
13152,Sex Offense/Peeping Tom,Northeast
13153,Miscellaneous/Lost Property,North
13154,Miscellaneous/Overdose,Downtown
13155,Miscellaneous/All Other Non-Offenses,Downtown
13156,Miscellaneous/Found Property,Northeast
13158,Miscellaneous/All Other Non-Offenses,Downtown
13160,Miscellaneous/Missing Person (18 & over),Northeast
13161,Miscellaneous/All Other Non-Offenses,Southwest
13162,Miscellaneous/All Other Non-Offenses,Downtown
13163,Miscellaneous/All Other Non-Offenses,Downtown
13164,Miscellaneous/Missing Person (18 & over),Northwest
13165,Miscellaneous/All Other Non-Offenses,Northwest
13166,Sex Offense/Forcible Sodomy,Downtown
13167,Miscellaneous/All Other Non-Offenses,Downtown
13168,Miscellaneous/All Other Non-Offenses,Northwest
13170,Family Offenses/Nonviolent (eg: neglect),Downtown
13171,Miscellaneous/Mental Commitment,Southwest
13173,Miscellaneous/All Other Non-Offenses,Southeast
13174,Miscellaneous/Found Property,Downtown
13175,Miscellaneous/All Other Non-Offenses,Downtown
13176,Miscellaneous/All Other Non-Offenses,Northeast
13177,Miscellaneous/Mental Commitment,North
13178,Miscellaneous/All Other Non-Offenses,Southeast
13179,Miscellaneous/All Other Non-Offenses,Southwest
13182,Miscellaneous/Mental Commitment,Downtown
13183,Miscellaneous/Suicide,North
13185,Miscellaneous/All Other Non-Offenses,Southeast
13186,Miscellaneous/All Other Non-Offenses,Downtown
13187,Miscellaneous/All Other Non-Offenses,Northeast
13188,Miscellaneous/All Other Non-Offenses,Southeast
13190,Miscellaneous/All Other Non-Offenses,Downtown
13191,Miscellaneous/All Other Non-Offenses,Northwest
13192,Miscellaneous/All Other Non-Offenses,Southeast
13193,Miscellaneous/Found Property,North
13195,Miscellaneous/All Other Non-Offenses,Southwest
13196,Miscellaneous/All Other Non-Offenses,North
13197,Miscellaneous/Mental Commitment,North
13198,Miscellaneous/All Other Non-Offenses,Northwest
13199,Miscellaneous/All Other Non-Offenses,Southeast
13200,Miscellaneous/Overdose,Northeast
13202,Miscellaneous/Mental Commitment,Northwest
13203,Miscellaneous/All Other Non-Offenses,Downtown
13204,Miscellaneous/All Other Non-Offenses,Downtown
13205,Juvenile/Runaway,Southeast
13207,Miscellaneous/Lost Property,North
13209,Miscellaneous/Mental Commitment,Northwest
13210,Miscellaneous/All Other Non-Offenses,Downtown
13211,Miscellaneous/All Other Non-Offenses,Northeast
13212,Miscellaneous/Overdose,North
13213,Miscellaneous/All Other Non-Offenses,Northeast